,date,app,spend
0,8/1/2020,Amber_K,2309.63
1,8/1/2020,PrivacyPowerPro_K,72392.0
2,8/1/2020,Normandy_K,47704.95
3,8/1/2020,DogRaise_K,9723.9
4,8/1/2020,500_K,113270.67
5,8/1/2020,Walk_K,633.38
6,8/1/2020,ColorPhone_K,114721.73
7,8/1/2020,Optimizer_K,260544.89
8,8/1/2020,Athena,2426.19
9,8/1/2020,FastClear_K,14985.69
10,8/1/2020,Rat_K,8900.85
11,8/1/2020,Mars_K,134990.93
12,8/2/2020,Optimizer_K,367698.98
13,8/2/2020,ColorPhone_K,104003.05
14,8/2/2020,500_K,113548.79
15,8/2/2020,DogRaise_K,9625.37
16,8/2/2020,Walk_K,455.09
17,8/2/2020,Rat_K,8957.83
18,8/2/2020,PrivacyPowerPro_K,85790.56
19,8/2/2020,Athena,2878.52
20,8/2/2020,Normandy_K,39262.69
21,8/2/2020,Mars_K,104968.84
22,8/2/2020,FastClear_K,20669.95
23,8/2/2020,Amber_K,1040.14
24,8/3/2020,Walk_K,588.1
25,8/3/2020,Mars_K,113794.263
26,8/3/2020,FastClear_K,30440.31
27,8/3/2020,DogRaise_K,9010.83
28,8/3/2020,Rat_K,9201.37
29,8/3/2020,PrivacyPowerPro_K,76007.67
30,8/3/2020,ColorPhone_K,90046.88
31,8/3/2020,Athena,3000.0
32,8/3/2020,Amber_K,1868.47
33,8/3/2020,Optimizer_K,297002.94
34,8/3/2020,Normandy_K,40700.17
35,8/3/2020,500_K,94247.49
36,8/4/2020,FastClear_K,40463.81
37,8/4/2020,PrivacyPowerPro_K,91585.05
38,8/4/2020,Optimizer_K,248439.93
39,8/4/2020,Walk_K,505.81
40,8/4/2020,ColorPhone_K,74536.76
41,8/4/2020,Amber_K,3495.01
42,8/4/2020,Athena,2996.64
43,8/4/2020,Rat_K,9052.53
44,8/4/2020,500_K,75164.8
45,8/4/2020,DogRaise_K,9395.82
46,8/4/2020,Mars_K,111557.31199999999
47,8/4/2020,Normandy_K,37059.26
48,8/5/2020,DogRaise_K,9136.65
49,8/5/2020,Amber_K,2459.08
50,8/5/2020,FastClear_K,31338.84
51,8/5/2020,Optimizer_K,238550.6
52,8/5/2020,Normandy_K,48477.0
53,8/5/2020,PrivacyPowerPro_K,99703.73
54,8/5/2020,Mars_K,120980.662
55,8/5/2020,ColorPhone_K,78390.92
56,8/5/2020,Rat_K,8903.16
57,8/5/2020,Walk_K,509.12
58,8/5/2020,500_K,80692.99
59,8/6/2020,Walk_K,257.64
60,8/6/2020,DogRaise_K,9784.09
61,8/6/2020,ColorPhone_K,70879.33
62,8/6/2020,500_K,61153.62
63,8/6/2020,Rat_K,9338.61
64,8/6/2020,Normandy_K,68528.63
65,8/6/2020,Optimizer_K,272626.96
66,8/6/2020,Amber_K,2010.52
67,8/6/2020,PrivacyPowerPro_K,139685.52
68,8/6/2020,Athena,2061.65
69,8/6/2020,FastClear_K,27129.76
70,8/6/2020,Mars_K,124144.445
71,8/7/2020,Mars_K,122201.054
72,8/7/2020,Walk_K,398.72
73,8/7/2020,Optimizer_K,393061.36
74,8/7/2020,ColorPhone_K,76755.81
75,8/7/2020,FastClear_K,58391.66
76,8/7/2020,PrivacyPowerPro_K,262806.57
77,8/7/2020,Athena,3000.0
78,8/7/2020,DogRaise_K,9478.29
79,8/7/2020,Normandy_K,119199.5
80,8/7/2020,500_K,59663.42
81,8/7/2020,Amber_K,2469.89
82,8/7/2020,Rat_K,10446.97
83,8/8/2020,PrivacyPowerPro_K,244436.62
84,8/8/2020,Optimizer_K,364214.67299999995
85,8/8/2020,500_K,69433.73
86,8/8/2020,FastClear_K,117106.19
87,8/8/2020,Walk_K,1377.56
88,8/8/2020,ColorPhone_K,78269.33
89,8/8/2020,Normandy_K,101027.35
90,8/8/2020,Rat_K,13389.15
91,8/8/2020,Athena,2999.76
92,8/8/2020,Mars_K,124223.68699999999
93,8/8/2020,Amber_K,3861.16
94,8/8/2020,DogRaise_K,12123.09
95,8/9/2020,Athena,2999.94
96,8/9/2020,ColorPhone_K,83221.57
97,8/9/2020,FastClear_K,110001.9
98,8/9/2020,Mars_K,127485.17800000001
99,8/9/2020,Amber_K,3866.96
100,8/9/2020,DogRaise_K,10877.98
101,8/9/2020,PrivacyPowerPro_K,277360.7
102,8/9/2020,Normandy_K,87300.1
103,8/9/2020,Walk_K,1119.52
104,8/9/2020,500_K,75989.67
105,8/9/2020,Rat_K,13309.16
106,8/9/2020,Optimizer_K,407968.98299999995
107,8/10/2020,Rat_K,12608.65
108,8/10/2020,Optimizer_K,339757.482
109,8/10/2020,PrivacyPowerPro_K,254835.44
110,8/10/2020,FastClear_K,98419.98
111,8/10/2020,ColorPhone_K,71072.41
112,8/10/2020,Athena,2999.76
113,8/10/2020,Mars_K,116334.83300000001
114,8/10/2020,DogRaise_K,9893.65
115,8/10/2020,500_K,74212.2
116,8/10/2020,Walk_K,1138.72
117,8/10/2020,Amber_K,2153.79
118,8/10/2020,Normandy_K,78158.58
119,8/11/2020,DogRaise_K,9165.97
120,8/11/2020,Mars_K,114618.164
121,8/11/2020,PrivacyPowerPro_K,239174.41
122,8/11/2020,Optimizer_K,350456.416
123,8/11/2020,ColorPhone_K,64913.71
124,8/11/2020,Rat_K,13102.45
125,8/11/2020,Normandy_K,76816.63
126,8/11/2020,FastClear_K,94857.75
127,8/11/2020,Amber_K,5205.85
128,8/11/2020,Walk_K,1004.5
129,8/11/2020,Athena,3000.0
130,8/11/2020,500_K,78134.17
131,8/12/2020,Rat_K,6694.577479
132,8/12/2020,500_K,74961.36482
133,8/12/2020,PrivacyPowerPro_K,184630.5994
134,8/12/2020,Mars_K,104299.5065
135,8/12/2020,Normandy_K,87295.40791000001
136,8/12/2020,ColorPhone_K,75582.75098
137,8/12/2020,FastClear_K,72626.71353
138,8/12/2020,Amber_K,2839.708398
139,8/12/2020,DogRaise_K,8645.28684
140,8/12/2020,Optimizer_K,326587.9163
141,8/12/2020,Walk_K,575.6575657000002
142,8/12/2020,Athena,4001.907475
143,8/13/2020,Rat_K,6886.59
144,8/13/2020,Optimizer_K,268981.262
145,8/13/2020,FastClear_K,67795.46
146,8/13/2020,500_K,69180.68
147,8/13/2020,PrivacyPowerPro_K,175887.23
148,8/13/2020,Amber_K,870.57
149,8/13/2020,Athena,3997.49
150,8/13/2020,Mars_K,133327.94
151,8/13/2020,Normandy_K,95288.77
152,8/13/2020,ColorPhone_K,82161.75
153,8/13/2020,Walk_K,421.18
154,8/13/2020,DogRaise_K,8695.24
155,8/14/2020,DogRaise_K,8269.438429
156,8/14/2020,Walk_K,742.8438111
157,8/14/2020,Normandy_K,133591.3163
158,8/14/2020,500_K,66871.88106
159,8/14/2020,Optimizer_K,234685.3402
160,8/14/2020,Space_K,0.0
161,8/14/2020,ColorPhone_K,91073.67047000001
162,8/14/2020,Amber_K,2528.836586
163,8/14/2020,FastClear_K,55405.69613
164,8/14/2020,PrivacyPowerPro_K,160562.1124
165,8/14/2020,Athena,3996.9873380000004
166,8/14/2020,Rat_K,8253.060690999999
167,8/14/2020,Mars_K,136891.8581
168,8/15/2020,Space_K,0.0
169,8/15/2020,PrivacyPowerPro_K,118319.6441
170,8/15/2020,ColorPhone_K,96193.59416000001
171,8/15/2020,Athena,3501.088442
172,8/15/2020,Optimizer_K,296816.8683
173,8/15/2020,Mars_K,130230.8025
174,8/15/2020,500_K,76681.08967
175,8/15/2020,Amber_K,2580.6127070000002
176,8/15/2020,Rat_K,5363.852639
177,8/15/2020,Normandy_K,140999.1799
178,8/15/2020,DogRaise_K,6578.508841
179,8/15/2020,FastClear_K,48398.14001
180,8/15/2020,Walk_K,977.9405206
181,8/16/2020,FastClear_K,50941.16
182,8/16/2020,PrivacyPowerPro_K,116369.83
183,8/16/2020,Space_K,0.0
184,8/16/2020,DogRaise_K,9482.35
185,8/16/2020,Normandy_K,104205.48
186,8/16/2020,Athena,3333.05
187,8/16/2020,Optimizer_K,357871.2570000001
188,8/16/2020,Walk_K,897.72
189,8/16/2020,Rat_K,4799.13
190,8/16/2020,ColorPhone_K,101194.81
191,8/16/2020,Mars_K,146584.83800000002
192,8/16/2020,Amber_K,1863.34
193,8/16/2020,500_K,75369.16
194,8/17/2020,Optimizer_K,201774.51
195,8/17/2020,Mars_K,132792.499
196,8/17/2020,ColorPhone_K,92847.5
197,8/17/2020,500_K,60615.37
198,8/17/2020,Athena,3996.84
199,8/17/2020,DogRaise_K,8065.58
200,8/17/2020,Rat_K,7147.75
201,8/17/2020,Amber_K,2191.99
202,8/17/2020,Walk_K,1592.24
203,8/17/2020,PrivacyPowerPro_K,116119.43
204,8/17/2020,Space_K,0.0
205,8/17/2020,Normandy_K,125010.17
206,8/17/2020,FastClear_K,31163.04
207,8/18/2020,500_K,59135.69
208,8/18/2020,Mars_K,120284.75099999999
209,8/18/2020,Rat_K,6489.81
210,8/18/2020,Athena,3998.49
211,8/18/2020,ColorPhone_K,91907.15
212,8/18/2020,Optimizer_K,161242.738
213,8/18/2020,PrivacyPowerPro_K,113126.05
214,8/18/2020,Walk_K,631.61
215,8/18/2020,Normandy_K,105431.0
216,8/18/2020,DogRaise_K,5213.19
217,8/18/2020,Amber_K,2288.75
218,8/18/2020,Space_K,0.0
219,8/18/2020,FastClear_K,24630.76
220,8/19/2020,FastClear_K,23124.136769999997
221,8/19/2020,ColorPhone_K,117160.45
222,8/19/2020,DogRaise_K,7189.21
223,8/19/2020,500_K,78849.1479
224,8/19/2020,PrivacyPowerPro_K,131327.3594
225,8/19/2020,Space_K,0.0
226,8/19/2020,Rat_K,8778.87
227,8/19/2020,Normandy_K,154429.2762
228,8/19/2020,Optimizer_K,199559.5526
229,8/19/2020,Amber_K,4657.257727
230,8/19/2020,Mars_K,103144.4988
231,8/19/2020,Athena,3132.57
232,8/19/2020,Walk_K,1893.6398940000001
233,8/20/2020,Athena,2373.17
234,8/20/2020,FastClear_K,35673.61
235,8/20/2020,Optimizer_K,201425.867
236,8/20/2020,DogRaise_K,12718.5
237,8/20/2020,Rat_K,6491.21
238,8/20/2020,Space_K,0.0
239,8/20/2020,Normandy_K,147581.44
240,8/20/2020,ColorPhone_K,125610.45
241,8/20/2020,Amber_K,6434.14
242,8/20/2020,PrivacyPowerPro_K,119503.61
243,8/20/2020,Mars_K,101166.873
244,8/20/2020,500_K,120422.07
245,8/20/2020,Walk_K,2241.2
246,8/21/2020,Optimizer_K,218111.40899999999
247,8/21/2020,ColorPhone_K,116062.35
248,8/21/2020,PrivacyPowerPro_K,130124.54
249,8/21/2020,Amber_K,5223.57
250,8/21/2020,500_K,130447.34
251,8/21/2020,Space_K,1853.9
252,8/21/2020,Mars_K,126071.786
253,8/21/2020,FastClear_K,33156.61
254,8/21/2020,Walk_K,729.73
255,8/21/2020,Rat_K,13301.53
256,8/21/2020,Athena,2914.76
257,8/21/2020,DogRaise_K,14381.27
258,8/21/2020,Normandy_K,65745.77
259,8/22/2020,Normandy_K,80273.0
260,8/22/2020,PrivacyPowerPro_K,141991.25
261,8/22/2020,Athena,6000.0
262,8/22/2020,Mars_K,118564.811
263,8/22/2020,Amber_K,7550.79
264,8/22/2020,Optimizer_K,206873.37600000002
265,8/22/2020,FastClear_K,26681.03
266,8/22/2020,ColorPhone_K,128538.35
267,8/22/2020,Rat_K,11475.77
268,8/22/2020,DogRaise_K,13055.68
269,8/22/2020,500_K,127506.61
270,8/22/2020,Space_K,11025.79
271,8/22/2020,Walk_K,2275.32
272,8/23/2020,Normandy_K,69598.21
273,8/23/2020,ColorPhone_K,122927.75
274,8/23/2020,Athena,5773.5
275,8/23/2020,PrivacyPowerPro_K,145456.74
276,8/23/2020,Walk_K,2036.52
277,8/23/2020,Optimizer_K,233330.638
278,8/23/2020,DogRaise_K,13174.05
279,8/23/2020,FastClear_K,21541.76
280,8/23/2020,Amber_K,6681.06
281,8/23/2020,Mars_K,132396.668
282,8/23/2020,Rat_K,12183.27
283,8/23/2020,500_K,104305.86
284,8/23/2020,Space_K,11598.02
285,8/24/2020,FastClear_K,24286.96
286,8/24/2020,ColorPhone_K,88365.87
287,8/24/2020,500_K,90925.99
288,8/24/2020,Amber_K,5525.92
289,8/24/2020,Space_K,13454.49
290,8/24/2020,Walk_K,1063.06
291,8/24/2020,DogRaise_K,13340.09
292,8/24/2020,Normandy_K,79731.33
293,8/24/2020,Rat_K,11040.03
294,8/24/2020,Mars_K,154480.855
295,8/24/2020,PrivacyPowerPro_K,152536.9
296,8/24/2020,Optimizer_K,269041.07300000003
297,8/24/2020,Athena,4188.7
298,8/25/2020,Athena,4622.15
299,8/25/2020,Space_K,19969.44
300,8/25/2020,Amber_K,4976.62
301,8/25/2020,500_K,102424.94
302,8/25/2020,Mars_K,158890.693
303,8/25/2020,Rat_K,8723.67
304,8/25/2020,PrivacyPowerPro_K,167663.48
305,8/25/2020,ColorPhone_K,89119.37
306,8/25/2020,DogRaise_K,12253.82
307,8/25/2020,Walk_K,1198.53
308,8/25/2020,FastClear_K,29097.49
309,8/25/2020,Optimizer_K,249040.504
310,8/25/2020,Normandy_K,62315.07
311,8/26/2020,Optimizer_K,287964.589
312,8/26/2020,Normandy_K,63307.88
313,8/26/2020,Athena,2408.52
314,8/26/2020,DogRaise_K,12136.45
315,8/26/2020,Mars_K,113014.295
316,8/26/2020,Walk_K,1697.23
317,8/26/2020,500_K,96168.97
318,8/26/2020,FastClear_K,43068.84
319,8/26/2020,PrivacyPowerPro_K,142050.28
320,8/26/2020,ColorPhone_K,88817.15
321,8/26/2020,Rat_K,10590.79
322,8/26/2020,Amber_K,6819.65
323,8/26/2020,Space_K,19965.5
324,8/27/2020,ColorPhone_K,90834.35
325,8/27/2020,Mars_K,141325.726
326,8/27/2020,500_K,66382.46
327,8/27/2020,Rat_K,13239.98
328,8/27/2020,Walk_K,5307.68
329,8/27/2020,Normandy_K,70084.73
330,8/27/2020,FastClear_K,39816.69
331,8/27/2020,Athena,2635.16
332,8/27/2020,PrivacyPowerPro_K,126068.62
333,8/27/2020,Optimizer_K,220842.143
334,8/27/2020,Amber_K,6369.53
335,8/27/2020,DogRaise_K,18206.39
336,8/27/2020,Space_K,19986.57
337,8/28/2020,Space_K,20980.74
338,8/28/2020,Normandy_K,81970.64
339,8/28/2020,Walk_K,5407.01
340,8/28/2020,Mars_K,121800.353
341,8/28/2020,Amber_K,7023.4
342,8/28/2020,Optimizer_K,204247.68399999998
343,8/28/2020,ColorPhone_K,71100.63
344,8/28/2020,FastClear_K,38525.85
345,8/28/2020,Rat_K,11468.47
346,8/28/2020,PrivacyPowerPro_K,123373.75
347,8/28/2020,DogRaise_K,18577.98
348,8/28/2020,Athena,1911.9
349,8/28/2020,500_K,53642.63
350,8/29/2020,ColorPhone_K,45190.01
351,8/29/2020,Amber_K,8176.86
352,8/29/2020,DogRaise_K,18217.7
353,8/29/2020,PrivacyPowerPro_K,122826.91
354,8/29/2020,500_K,41682.63
355,8/29/2020,Space_K,19956.42
356,8/29/2020,Rat_K,8409.86
357,8/29/2020,FastClear_K,47964.823
358,8/29/2020,Athena,819.62
359,8/29/2020,Mars_K,82848.817
360,8/29/2020,Optimizer_K,178538.491
361,8/29/2020,Normandy_K,69365.0
362,8/29/2020,Walk_K,5488.12
363,8/30/2020,Amber_K,5291.02
364,8/30/2020,Normandy_K,61825.67
365,8/30/2020,Optimizer_K,146084.448
366,8/30/2020,Rat_K,8446.34
367,8/30/2020,PrivacyPowerPro_K,94927.96
368,8/30/2020,DogRaise_K,18617.79
369,8/30/2020,Walk_K,5512.56
370,8/30/2020,ColorPhone_K,44530.41
371,8/30/2020,Space_K,19975.85
372,8/30/2020,Athena,1283.82
373,8/30/2020,500_K,35819.95
374,8/30/2020,FastClear_K,59979.83
375,8/30/2020,Mars_K,92664.18
376,8/31/2020,Rat_K,4761.72
377,8/31/2020,Normandy_K,43194.29
378,8/31/2020,Walk_K,5531.07
379,8/31/2020,Space_K,19982.5
380,8/31/2020,Optimizer_K,125531.20599999999
381,8/31/2020,ColorPhone_K,39441.73
382,8/31/2020,Mars_K,83746.2
383,8/31/2020,Amber_K,7980.37
384,8/31/2020,DogRaise_K,17459.02
385,8/31/2020,FastClear_K,67327.22
386,8/31/2020,PrivacyPowerPro_K,78759.18
387,8/31/2020,Athena,1614.2
388,8/31/2020,500_K,37114.12
389,9/1/2020,Athena,1905.99
390,9/1/2020,Rat_K,3123.36
391,9/1/2020,FastClear_K,64178.76
392,9/1/2020,DogRaise_K,11553.22
393,9/1/2020,Normandy_K,42901.86
394,9/1/2020,ColorPhone_K,38883.91
395,9/1/2020,500_K,21662.39
396,9/1/2020,Mars_K,66980.852
397,9/1/2020,Optimizer_K,93457.859
398,9/1/2020,Walk_K,5649.06
399,9/1/2020,Space_K,19823.77
400,9/1/2020,PrivacyPowerPro_K,62650.69
401,9/1/2020,Amber_K,5492.81
402,9/2/2020,Athena,1111.21
403,9/2/2020,Rat_K,6006.58
404,9/2/2020,Space_K,37857.64
405,9/2/2020,ColorPhone_K,45280.69
406,9/2/2020,Walk_K,6591.36
407,9/2/2020,Mars_K,62948.943
408,9/2/2020,Amber_K,5146.48
409,9/2/2020,500_K,21705.33
410,9/2/2020,PrivacyPowerPro_K,67990.277
411,9/2/2020,DogRaise_K,7607.53
412,9/2/2020,FastClear_K,36462.83
413,9/2/2020,Normandy_K,36273.5
414,9/2/2020,Optimizer_K,80399.91
415,9/3/2020,Athena,1168.2
416,9/3/2020,DogRaise_K,11150.41
417,9/3/2020,Space_K,54401.82
418,9/3/2020,Normandy_K,35029.81
419,9/3/2020,Optimizer_K,93816.319
420,9/3/2020,ColorPhone_K,43155.26
421,9/3/2020,Mars_K,61831.240999999995
422,9/3/2020,FastClear_K,32043.45
423,9/3/2020,Rat_K,4415.81
424,9/3/2020,500_K,23743.42
425,9/3/2020,Amber_K,4738.76
426,9/3/2020,PrivacyPowerPro_K,83333.08
427,9/3/2020,Walk_K,6096.51
428,9/4/2020,Optimizer_K,71787.12700000001
429,9/4/2020,Amber_K,3700.17
430,9/4/2020,Rat_K,6776.22
431,9/4/2020,Athena,1568.56
432,9/4/2020,FastClear_K,28557.58
433,9/4/2020,ColorPhone_K,38931.45
434,9/4/2020,DogRaise_K,11382.57
435,9/4/2020,Normandy_K,37198.85
436,9/4/2020,Space_K,56707.34
437,9/4/2020,Mars_K,48811.03599999999
438,9/4/2020,PrivacyPowerPro_K,83393.436
439,9/4/2020,Walk_K,11069.86
440,9/4/2020,500_K,32044.98
441,9/5/2020,Normandy_K,45126.21
442,9/5/2020,Walk_K,10742.58
443,9/5/2020,Amber_K,2196.75
444,9/5/2020,Mars_K,72093.305
445,9/5/2020,DogRaise_K,8461.27
446,9/5/2020,PrivacyPowerPro_K,75972.625
447,9/5/2020,Athena,2989.93
448,9/5/2020,500_K,65287.71
449,9/5/2020,Optimizer_K,114331.515
450,9/5/2020,ColorPhone_K,60167.21
451,9/5/2020,Rat_K,5448.17
452,9/5/2020,Space_K,62982.09
453,9/5/2020,FastClear_K,20000.56
454,9/6/2020,500_K,46106.6
455,9/6/2020,Walk_K,11326.42
456,9/6/2020,Space_K,63126.97
457,9/6/2020,Rat_K,6177.05
458,9/6/2020,Optimizer_K,81243.821
459,9/6/2020,PrivacyPowerPro_K,84539.171
460,9/6/2020,Mars_K,83042.069
461,9/6/2020,ColorPhone_K,51372.88
462,9/6/2020,FastClear_K,20660.55
463,9/6/2020,Amber_K,2937.12
464,9/6/2020,Normandy_K,38699.56
465,9/6/2020,Athena,2995.91
466,9/6/2020,DogRaise_K,4384.08
467,9/7/2020,DogRaise_K,9079.71
468,9/7/2020,Walk_K,10980.49
469,9/7/2020,Space_K,87485.32
470,9/7/2020,500_K,12423.15
471,9/7/2020,ColorPhone_K,49927.41
472,9/7/2020,Athena,2736.0
473,9/7/2020,FastClear_K,19321.6
474,9/7/2020,Normandy_K,27493.66
475,9/7/2020,PrivacyPowerPro_K,97046.94
476,9/7/2020,Rat_K,4721.81
477,9/7/2020,Amber_K,3632.88
478,9/7/2020,Optimizer_K,52337.648
479,9/7/2020,Mars_K,70671.093
480,9/8/2020,DogRaise_K,3529.57
481,9/8/2020,Space_K,103060.26
482,9/8/2020,Athena,1709.3
483,9/8/2020,Walk_K,9511.51
484,9/8/2020,Normandy_K,24072.4
485,9/8/2020,Rat_K,2000.55
486,9/8/2020,PrivacyPowerPro_K,94019.787
487,9/8/2020,ColorPhone_K,53082.63
488,9/8/2020,500_K,10611.64
489,9/8/2020,Mars_K,34328.002
490,9/8/2020,Amber_K,1456.02
491,9/8/2020,Optimizer_K,52046.272000000004
492,9/8/2020,FastClear_K,10388.34
493,9/9/2020,ColorPhone_K,46858.46
494,9/9/2020,Optimizer_K,44803.782999999996
495,9/9/2020,Space_K,95379.72
496,9/9/2020,Amber_K,5310.97
497,9/9/2020,FastClear_K,10267.3
498,9/9/2020,Mars_K,74308.045
499,9/9/2020,DogRaise_K,5161.56
500,9/9/2020,Athena,1770.46
501,9/9/2020,Walk_K,4709.47
502,9/9/2020,PrivacyPowerPro_K,80910.457
503,9/9/2020,Rat_K,2057.07
504,9/9/2020,Normandy_K,16115.55
505,9/9/2020,500_K,10804.83
506,9/10/2020,Optimizer_K,55313.433
507,9/10/2020,FastClear_K,13160.95
508,9/10/2020,Normandy_K,6694.44
509,9/10/2020,Mars_K,64196.282999999996
510,9/10/2020,Space_K,103618.59
511,9/10/2020,PrivacyPowerPro_K,84673.18699999999
512,9/10/2020,Walk_K,2358.24
513,9/10/2020,Athena,2771.36
514,9/10/2020,500_K,14703.17
515,9/10/2020,DogRaise_K,5051.35
516,9/10/2020,ColorPhone_K,59600.99
517,9/10/2020,Amber_K,5401.24
518,9/10/2020,Rat_K,2813.76
519,9/11/2020,Walk_K,7955.15
520,9/11/2020,Space_K,97365.19900000001
521,9/11/2020,PrivacyPowerPro_K,73158.45599999999
522,9/11/2020,Mars_K,52743.922999999995
523,9/11/2020,Optimizer_K,50482.862
524,9/11/2020,ColorPhone_K,64131.86
525,9/11/2020,500_K,22497.61
526,9/11/2020,DogRaise_K,5213.54
527,9/11/2020,FastClear_K,12450.57
528,9/11/2020,Rat_K,4933.01
529,9/11/2020,Athena,2392.04
530,9/11/2020,Normandy_K,9553.19
531,9/11/2020,Amber_K,5374.81
532,9/12/2020,ColorPhone_K,66389.11
533,9/12/2020,Walk_K,4378.17
534,9/12/2020,Amber_K,5267.31
535,9/12/2020,DogRaise_K,5756.1
536,9/12/2020,Rat_K,5231.46
537,9/12/2020,FastClear_K,11417.17
538,9/12/2020,Space_K,103170.844
539,9/12/2020,500_K,47739.62
540,9/12/2020,PrivacyPowerPro_K,57193.441
541,9/12/2020,Optimizer_K,57311.467000000004
542,9/12/2020,Athena,2746.65
543,9/12/2020,Mars_K,55596.988
544,9/12/2020,Normandy_K,8228.24
545,9/13/2020,Space_K,99840.32
546,9/13/2020,Amber_K,5211.64
547,9/13/2020,ColorPhone_K,69838.35
548,9/13/2020,Rat_K,4344.41
549,9/13/2020,Walk_K,4335.25
550,9/13/2020,Mars_K,50824.787000000004
551,9/13/2020,500_K,35574.67
552,9/13/2020,DogRaise_K,9003.25
553,9/13/2020,FastClear_K,9453.43
554,9/13/2020,Athena,1810.38
555,9/13/2020,Normandy_K,5313.88
556,9/13/2020,PrivacyPowerPro_K,67142.586
557,9/13/2020,Optimizer_K,49497.64
558,9/14/2020,PrivacyPowerPro_K,74704.95599999999
559,9/14/2020,FastClear_K,9391.94
560,9/14/2020,500_K,6727.24
561,9/14/2020,Athena,2230.13
562,9/14/2020,DogRaise_K,8133.29
563,9/14/2020,ColorPhone_K,36491.22
564,9/14/2020,Rat_K,5229.62
565,9/14/2020,Optimizer_K,36164.578
566,9/14/2020,Normandy_K,5821.69
567,9/14/2020,Space_K,98171.379
568,9/14/2020,Mars_K,44127.084
569,9/14/2020,Walk_K,6251.56
570,9/14/2020,Amber_K,10162.85
571,9/15/2020,Normandy_K,7544.47
572,9/15/2020,Mars_K,42983.82700000001
573,9/15/2020,PrivacyPowerPro_K,55193.782999999996
574,9/15/2020,DogRaise_K,10332.74
575,9/15/2020,Rat_K,3652.07
576,9/15/2020,500_K,7888.57
577,9/15/2020,Amber_K,10525.85
578,9/15/2020,ColorPhone_K,32719.56
579,9/15/2020,Walk_K,15019.88
580,9/15/2020,Optimizer_K,36592.192
581,9/15/2020,FastClear_K,10923.31
582,9/15/2020,Space_K,114223.92599999999
583,9/15/2020,Athena,1451.94
584,9/16/2020,Space_K,131206.44
585,9/16/2020,500_K,8113.08
586,9/16/2020,Rat_K,2171.58
587,9/16/2020,Amber_K,6666.59
588,9/16/2020,Mars_K,59239.949
589,9/16/2020,Normandy_K,4684.13
590,9/16/2020,FastClear_K,8551.68
591,9/16/2020,ColorPhone_K,29146.54
592,9/16/2020,Optimizer_K,30942.304
593,9/16/2020,Apollo_K,0.0
594,9/16/2020,Walk_K,17215.08
595,9/16/2020,DogRaise_K,10896.74
596,9/16/2020,Cookie_K,0.0
597,9/16/2020,Athena,1875.05
598,9/16/2020,PrivacyPowerPro_K,54222.155
599,9/17/2020,Normandy_K,5247.34
600,9/17/2020,Rat_K,3113.09
601,9/17/2020,PrivacyPowerPro_K,55749.425
602,9/17/2020,Apollo_K,0.0
603,9/17/2020,Mars_K,175624.58800000002
604,9/17/2020,FastClear_K,4637.405
605,9/17/2020,Cookie_K,3.66
606,9/17/2020,Optimizer_K,26518.051
607,9/17/2020,ColorPhone_K,24716.29
608,9/17/2020,DogRaise_K,14982.11
609,9/17/2020,Athena,3000.0
610,9/17/2020,Space_K,109627.711
611,9/17/2020,Amber_K,5031.63
612,9/17/2020,500_K,9192.86
613,9/17/2020,Walk_K,11890.33
614,9/18/2020,PrivacyPowerPro_K,72056.716
615,9/18/2020,Rat_K,3120.8
616,9/18/2020,Mars_K,139407.934
617,9/18/2020,FastClear_K,2701.965
618,9/18/2020,Space_K,168073.09600000002
619,9/18/2020,Cookie_K,1500.0
620,9/18/2020,Optimizer_K,34959.592000000004
621,9/18/2020,DogRaise_K,9181.52
622,9/18/2020,ColorPhone_K,26254.29
623,9/18/2020,Amber_K,1813.44
624,9/18/2020,Athena,5000.0
625,9/18/2020,500_K,15716.31
626,9/18/2020,Apollo_K,0.0
627,9/18/2020,Normandy_K,6922.9
628,9/18/2020,Walk_K,5675.7
629,9/19/2020,Rat_K,7548.25
630,9/19/2020,Normandy_K,6427.17
631,9/19/2020,FastClear_K,3369.923
632,9/19/2020,ColorPhone_K,28878.76
633,9/19/2020,PrivacyPowerPro_K,53388.379
634,9/19/2020,Cookie_K,1497.43
635,9/19/2020,Apollo_K,30.85
636,9/19/2020,Athena,5000.0
637,9/19/2020,Amber_K,1093.72
638,9/19/2020,Mars_K,144817.091
639,9/19/2020,Space_K,200262.181
640,9/19/2020,DogRaise_K,9691.6
641,9/19/2020,500_K,49057.84
642,9/19/2020,Walk_K,5489.48
643,9/19/2020,Optimizer_K,48397.467000000004
644,9/20/2020,ColorPhone_K,32571.01
645,9/20/2020,FastClear_K,4621.0459999999985
646,9/20/2020,Cookie_K,1500.0
647,9/20/2020,500_K,36291.29
648,9/20/2020,PrivacyPowerPro_K,52127.907999999996
649,9/20/2020,DogRaise_K,6076.92
650,9/20/2020,Mars_K,122735.899
651,9/20/2020,Optimizer_K,31025.202
652,9/20/2020,Amber_K,1122.07
653,9/20/2020,Normandy_K,8853.89
654,9/20/2020,Space_K,219992.245
655,9/20/2020,Walk_K,3851.32
656,9/20/2020,Rat_K,10389.5
657,9/20/2020,Athena,5000.0
658,9/20/2020,Apollo_K,10000.0
659,9/21/2020,Mars_K,127411.90699999999
660,9/21/2020,Cookie_K,5999.7
661,9/21/2020,PrivacyPowerPro_K,46862.523
662,9/21/2020,FastClear_K,4215.337
663,9/21/2020,Amber_K,1784.04
664,9/21/2020,Normandy_K,7011.27
665,9/21/2020,500_K,7281.62
666,9/21/2020,Optimizer_K,30757.972999999998
667,9/21/2020,Athena,5000.0
668,9/21/2020,Apollo_K,18000.0
669,9/21/2020,Space_K,201645.172
670,9/21/2020,ColorPhone_K,29736.33
671,9/21/2020,Walk_K,4958.11
672,9/21/2020,Rat_K,14735.91
673,9/21/2020,DogRaise_K,11014.39
674,9/22/2020,Mars_K,75706.4
675,9/22/2020,Normandy_K,6033.61
676,9/22/2020,FastClear_K,3812.171
677,9/22/2020,500_K,5780.99
678,9/22/2020,Optimizer_K,36665.289
679,9/22/2020,Amber_K,2375.3
680,9/22/2020,Cookie_K,5999.85
681,9/22/2020,Walk_K,3091.11
682,9/22/2020,DogRaise_K,10820.84
683,9/22/2020,Rat_K,15798.24
684,9/22/2020,PrivacyPowerPro_K,33520.717000000004
685,9/22/2020,Apollo_K,34100.0
686,9/22/2020,ColorPhone_K,27996.03
687,9/22/2020,Athena,1251.35
688,9/22/2020,Space_K,168166.66600000006
689,9/23/2020,500_K,4782.38
690,9/23/2020,PrivacyPowerPro_K,28077.854
691,9/23/2020,Normandy_K,6550.94
692,9/23/2020,FastClear_K,4189.9
693,9/23/2020,Walk_K,3528.82
694,9/23/2020,ColorPhone_K,29661.53
695,9/23/2020,Apollo_K,84216.47
696,9/23/2020,Space_K,130325.53
697,9/23/2020,Athena,3705.71
698,9/23/2020,Mars_K,83914.799
699,9/23/2020,Amber_K,3129.5
700,9/23/2020,DogRaise_K,10185.14
701,9/23/2020,Optimizer_K,28173.825
702,9/23/2020,Rat_K,17660.55
703,9/23/2020,Cookie_K,15000.0
704,9/24/2020,Cookie_K,15000.0
705,9/24/2020,Apollo_K,89584.1
706,9/24/2020,Space_K,137988.164
707,9/24/2020,Walk_K,6549.63
708,9/24/2020,DogRaise_K,8642.26
709,9/24/2020,FastClear_K,3990.171
710,9/24/2020,Normandy_K,7608.6
711,9/24/2020,500_K,4853.36
712,9/24/2020,Optimizer_K,27822.429
713,9/24/2020,Athena,4090.7
714,9/24/2020,PrivacyPowerPro_K,21538.549
715,9/24/2020,ColorPhone_K,23606.81
716,9/24/2020,Amber_K,2903.31
717,9/24/2020,Mars_K,76681.895
718,9/24/2020,Rat_K,15511.07
719,9/25/2020,Apollo_K,118511.54
720,9/25/2020,Amber_K,1799.55
721,9/25/2020,Optimizer_K,34505.829
722,9/25/2020,Rat_K,11246.74
723,9/25/2020,Mars_K,81184.869
724,9/25/2020,Walk_K,7707.05
725,9/25/2020,500_K,7753.84
726,9/25/2020,Cookie_K,15000.0
727,9/25/2020,PrivacyPowerPro_K,35666.57
728,9/25/2020,Athena,2380.31
729,9/25/2020,FastClear_K,4323.548
730,9/25/2020,Space_K,190607.201
731,9/25/2020,ColorPhone_K,25745.5
732,9/25/2020,Normandy_K,7070.34
733,9/25/2020,DogRaise_K,7638.68
734,9/26/2020,DogRaise_K,7870.69
735,9/26/2020,Mars_K,97843.229
736,9/26/2020,Athena,2556.8
737,9/26/2020,500_K,23775.49
738,9/26/2020,Apollo_K,202927.06
739,9/26/2020,Amber_K,2885.02
740,9/26/2020,Optimizer_K,41785.181000000004
741,9/26/2020,Rat_K,12384.77
742,9/26/2020,Cookie_K,50000.0
743,9/26/2020,ColorPhone_K,28382.56
744,9/26/2020,PrivacyPowerPro_K,20523.622
745,9/26/2020,Walk_K,4093.47
746,9/26/2020,FastClear_K,3748.222
747,9/26/2020,Space_K,208266.31600000002
748,9/26/2020,Normandy_K,9544.86
749,9/27/2020,Space_K,223563.991
750,9/27/2020,Cookie_K,26057.1
751,9/27/2020,Athena,1635.28
752,9/27/2020,Walk_K,8885.23
753,9/27/2020,Amber_K,5101.32
754,9/27/2020,Optimizer_K,28153.491
755,9/27/2020,Normandy_K,12722.19
756,9/27/2020,FastClear_K,2956.066
757,9/27/2020,Mars_K,99695.491
758,9/27/2020,Apollo_K,190451.17
759,9/27/2020,DogRaise_K,7479.8
760,9/27/2020,500_K,6709.36
761,9/27/2020,PrivacyPowerPro_K,11281.098999999998
762,9/27/2020,Rat_K,11733.2
763,9/27/2020,ColorPhone_K,24850.15
764,9/28/2020,Athena,1719.28
765,9/28/2020,Space_K,310090.859
766,9/28/2020,Apollo_K,182013.65
767,9/28/2020,ColorPhone_K,23463.18
768,9/28/2020,Walk_K,15430.78
769,9/28/2020,500_K,5060.95
770,9/28/2020,FastClear_K,2872.633
771,9/28/2020,Rat_K,10422.92
772,9/28/2020,Amber_K,5199.21
773,9/28/2020,Normandy_K,14255.28
774,9/28/2020,PrivacyPowerPro_K,24080.891
775,9/28/2020,Cookie_K,18627.64
776,9/28/2020,Optimizer_K,13283.65
777,9/28/2020,Mars_K,91001.37
778,9/28/2020,DogRaise_K,12211.47
779,9/29/2020,Walk_K,13446.96
780,9/29/2020,PrivacyPowerPro_K,49939.941
781,9/29/2020,Space_K,410638.30100000004
782,9/29/2020,ColorPhone_K,21008.16
783,9/29/2020,DogRaise_K,7177.1
784,9/29/2020,Normandy_K,13117.77
785,9/29/2020,Optimizer_K,24953.009
786,9/29/2020,Amber_K,5243.02
787,9/29/2020,FastClear_K,2985.96
788,9/29/2020,Athena,3595.8
789,9/29/2020,Cookie_K,34662.83
790,9/29/2020,Mars_K,68015.22
791,9/29/2020,Apollo_K,170133.71
792,9/29/2020,Rat_K,8808.87
793,9/29/2020,500_K,6527.17
794,9/30/2020,Mars_K,71277.753
795,9/30/2020,Optimizer_K,29181.992000000002
796,9/30/2020,Space_K,507120.924
797,9/30/2020,FastClear_K,2460.77
798,9/30/2020,Walk_K,12463.04
799,9/30/2020,ColorPhone_K,26316.77
800,9/30/2020,PrivacyPowerPro_K,59553.46599999999
801,9/30/2020,Amber_K,5502.73
802,9/30/2020,DogRaise_K,8716.24
803,9/30/2020,Rat_K,19173.26
804,9/30/2020,500_K,13783.91
805,9/30/2020,Cookie_K,47520.17
806,9/30/2020,Apollo_K,134736.64
807,9/30/2020,Normandy_K,10096.17
808,9/30/2020,Athena,6113.45
809,10/1/2020,Walk_K,8018.64
810,10/1/2020,Cookie_K,105554.73
811,10/1/2020,ColorPhone_K,33703.14
812,10/1/2020,Space_K,745021.281
813,10/1/2020,Mars_K,87244.119
814,10/1/2020,Amber_K,6460.56
815,10/1/2020,DogRaise_K,11961.1
816,10/1/2020,Normandy_K,10782.0
817,10/1/2020,Optimizer_K,33286.794
818,10/1/2020,Apollo_K,186656.59
819,10/1/2020,Rat_K,13592.29
820,10/1/2020,500_K,30195.54
821,10/1/2020,FastClear_K,4417.5779999999995
822,10/1/2020,Athena,5044.93
823,10/1/2020,PrivacyPowerPro_K,41643.852
824,10/2/2020,Rat_K,11240.45
825,10/2/2020,Optimizer_K,29897.514
826,10/2/2020,Mars_K,97774.841
827,10/2/2020,DogRaise_K,13877.15
828,10/2/2020,Normandy_K,10279.59
829,10/2/2020,Athena,2642.73
830,10/2/2020,Cookie_K,79933.32
831,10/2/2020,Amber_K,5858.86
832,10/2/2020,PrivacyPowerPro_K,35605.962999999996
833,10/2/2020,FastClear_K,5038.576
834,10/2/2020,Space_K,839838.7829999998
835,10/2/2020,Apollo_K,177515.5
836,10/2/2020,ColorPhone_K,30262.24
837,10/2/2020,Walk_K,4495.34
838,10/2/2020,500_K,18521.88
839,10/3/2020,ColorPhone_K,35396.39
840,10/3/2020,Amber_K,5149.18
841,10/3/2020,Rat_K,6169.18
842,10/3/2020,Apollo_K,122597.31
843,10/3/2020,Optimizer_K,32614.03200000001
844,10/3/2020,PrivacyPowerPro_K,75175.77799999999
845,10/3/2020,Space_K,801213.935
846,10/3/2020,Normandy_K,6885.89
847,10/3/2020,FastClear_K,5000.679
848,10/3/2020,Walk_K,7257.67
849,10/3/2020,500_K,20275.35
850,10/3/2020,DogRaise_K,8099.32
851,10/3/2020,Athena,3088.62
852,10/3/2020,Mars_K,99779.25300000001
853,10/3/2020,Cookie_K,50663.62
854,10/4/2020,Cookie_K,44598.35
855,10/4/2020,Optimizer_K,36004.573
856,10/4/2020,DogRaise_K,12081.5
857,10/4/2020,ColorPhone_K,27476.61
858,10/4/2020,Athena,2604.79
859,10/4/2020,Normandy_K,8767.26
860,10/4/2020,Space_K,638108.821
861,10/4/2020,PrivacyPowerPro_K,48106.121
862,10/4/2020,500_K,24942.6
863,10/4/2020,Walk_K,10686.82
864,10/4/2020,Mars_K,99706.271
865,10/4/2020,FastClear_K,5000.0
866,10/4/2020,Amber_K,5196.09
867,10/4/2020,Apollo_K,134997.82
868,10/4/2020,Rat_K,12027.14
869,10/5/2020,Cookie_K,40520.36
870,10/5/2020,Mars_K,119767.567
871,10/5/2020,Space_K,578082.486
872,10/5/2020,Walk_K,6908.31
873,10/5/2020,500_K,19996.63
874,10/5/2020,Rat_K,15439.04
875,10/5/2020,Athena,6555.35
876,10/5/2020,Normandy_K,6743.64
877,10/5/2020,DogRaise_K,5980.72
878,10/5/2020,Apollo_K,164457.45
879,10/5/2020,Amber_K,5226.82
880,10/5/2020,FastClear_K,5000.0
881,10/5/2020,Optimizer_K,40781.86
882,10/5/2020,PrivacyPowerPro_K,94160.07800000001
883,10/5/2020,ColorPhone_K,21182.77
884,10/6/2020,Space_K,568354.9839999999
885,10/6/2020,500_K,20031.46
886,10/6/2020,PrivacyPowerPro_K,112624.556
887,10/6/2020,Amber_K,5335.66
888,10/6/2020,Athena,8412.85
889,10/6/2020,Rat_K,15676.49
890,10/6/2020,Cookie_K,36220.47
891,10/6/2020,Mars_K,112223.065
892,10/6/2020,Normandy_K,8009.95
893,10/6/2020,ColorPhone_K,19153.18
894,10/6/2020,Walk_K,12267.66
895,10/6/2020,DogRaise_K,12951.16
896,10/6/2020,FastClear_K,5001.06
897,10/6/2020,Optimizer_K,36351.501000000004
898,10/6/2020,Apollo_K,143369.64
899,10/7/2020,Apollo_K,173960.19
900,10/7/2020,ColorPhone_K,18344.06
901,10/7/2020,Mars_K,96706.788
902,10/7/2020,DogRaise_K,21166.82
903,10/7/2020,500_K,19000.31
904,10/7/2020,Athena,6707.03
905,10/7/2020,Normandy_K,12328.05
906,10/7/2020,Optimizer_K,31437.371
907,10/7/2020,FastClear_K,5000.0
908,10/7/2020,Amber_K,5544.08
909,10/7/2020,Walk_K,13240.11
910,10/7/2020,Rat_K,13505.76
911,10/7/2020,Space_K,609075.3620000001
912,10/7/2020,PrivacyPowerPro_K,81635.967
913,10/7/2020,Cookie_K,33420.46
914,10/8/2020,PrivacyPowerPro_K,69022.464
915,10/8/2020,Rat_K,11806.81
916,10/8/2020,Walk_K,14172.96
917,10/8/2020,FastClear_K,4273.13
918,10/8/2020,Athena,6888.34
919,10/8/2020,Apollo_K,154048.14
920,10/8/2020,Normandy_K,8816.87
921,10/8/2020,Mars_K,79652.66900000001
922,10/8/2020,Amber_K,5000.0
923,10/8/2020,Cookie_K,35579.44
924,10/8/2020,Space_K,502782.1370000001
925,10/8/2020,ColorPhone_K,15869.4
926,10/8/2020,Optimizer_K,36038.912000000004
927,10/8/2020,DogRaise_K,22161.52
928,10/8/2020,500_K,20341.0
929,10/9/2020,Space_K,383708.779
930,10/9/2020,500_K,5148.58
931,10/9/2020,Walk_K,15363.26
932,10/9/2020,Athena,6744.05
933,10/9/2020,Normandy_K,6983.8
934,10/9/2020,FastClear_K,4936.01
935,10/9/2020,ColorPhone_K,15670.26
936,10/9/2020,DogRaise_K,22731.98
937,10/9/2020,Apollo_K,110136.9
938,10/9/2020,Cookie_K,24033.2
939,10/9/2020,Mars_K,74775.68400000001
940,10/9/2020,Amber_K,5000.0
941,10/9/2020,Rat_K,13530.33
942,10/9/2020,Optimizer_K,30621.17
943,10/9/2020,PrivacyPowerPro_K,66228.476
944,10/10/2020,Cookie_K,42529.67
945,10/10/2020,Mars_K,81551.256
946,10/10/2020,PrivacyPowerPro_K,58613.597
947,10/10/2020,Normandy_K,8272.19
948,10/10/2020,500_K,7913.97
949,10/10/2020,ColorPhone_K,13578.01
950,10/10/2020,DogRaise_K,26762.51
951,10/10/2020,Athena,7852.5
952,10/10/2020,Walk_K,9397.08
953,10/10/2020,Optimizer_K,26553.207000000002
954,10/10/2020,Space_K,302553.053
955,10/10/2020,Apollo_K,86302.69
956,10/10/2020,FastClear_K,5000.0
957,10/10/2020,Rat_K,13569.76
958,10/10/2020,Amber_K,5285.94
959,10/11/2020,ColorPhone_K,26844.8
960,10/11/2020,Optimizer_K,32487.5
961,10/11/2020,Normandy_K,13752.33
962,10/11/2020,Mars_K,85302.38699999999
963,10/11/2020,Apollo_K,101124.99
964,10/11/2020,Walk_K,10548.1
965,10/11/2020,FastClear_K,5004.0509999999995
966,10/11/2020,DogRaise_K,18104.36
967,10/11/2020,Cookie_K,66335.41
968,10/11/2020,Amber_K,6466.36
969,10/11/2020,PrivacyPowerPro_K,42809.373
970,10/11/2020,500_K,24490.3
971,10/11/2020,Space_K,325276.209
972,10/11/2020,Athena,5141.76
973,10/11/2020,Rat_K,7173.87
974,10/12/2020,PrivacyPowerPro_K,30790.343999999997
975,10/12/2020,FastClear_K,5000.0
976,10/12/2020,Cookie_K,19279.17
977,10/12/2020,Athena,4821.46
978,10/12/2020,ColorPhone_K,35812.02
979,10/12/2020,Apollo_K,90152.01
980,10/12/2020,Space_K,384954.464
981,10/12/2020,Optimizer_K,27690.41
982,10/12/2020,Normandy_K,12933.35
983,10/12/2020,DogRaise_K,19699.16
984,10/12/2020,Walk_K,17447.39
985,10/12/2020,Amber_K,5635.05
986,10/12/2020,Rat_K,14916.59
987,10/12/2020,Mars_K,86052.95800000001
988,10/12/2020,500_K,4430.18
989,10/13/2020,Amber_K,5460.05
990,10/13/2020,Optimizer_K,36447.288
991,10/13/2020,ColorPhone_K,22359.84
992,10/13/2020,Apollo_K,136870.06
993,10/13/2020,Rat_K,14991.89
994,10/13/2020,Space_K,343844.216
995,10/13/2020,PrivacyPowerPro_K,28246.069
996,10/13/2020,Cookie_K,17956.28
997,10/13/2020,DogRaise_K,26647.5
998,10/13/2020,Athena,6267.87
999,10/13/2020,Walk_K,18014.83
1000,10/13/2020,Mars_K,80453.837
1001,10/13/2020,FastClear_K,5007.666
1002,10/13/2020,Normandy_K,14610.29
1003,10/13/2020,500_K,6224.81
1004,10/14/2020,Rat_K,11639.74
1005,10/14/2020,500_K,5924.0
1006,10/14/2020,Athena,7509.9
1007,10/14/2020,Normandy_K,19050.84
1008,10/14/2020,Walk_K,8771.99
1009,10/14/2020,Apollo_K,147549.81
1010,10/14/2020,PrivacyPowerPro_K,28385.578999999998
1011,10/14/2020,DogRaise_K,18560.61
1012,10/14/2020,ColorPhone_K,22147.25
1013,10/14/2020,Optimizer_K,42495.394
1014,10/14/2020,FastClear_K,5292.1280000000015
1015,10/14/2020,Mars_K,86231.91
1016,10/14/2020,Amber_K,5779.3
1017,10/14/2020,Space_K,342219.914
1018,10/14/2020,Cookie_K,18163.41
1019,10/15/2020,FastClear_K,5197.39
1020,10/15/2020,Apollo_K,84749.02
1021,10/15/2020,Normandy_K,18431.85
1022,10/15/2020,Optimizer_K,31605.97700000001
1023,10/15/2020,Athena,3848.92
1024,10/15/2020,Amber_K,5639.85
1025,10/15/2020,Rat_K,7409.82
1026,10/15/2020,DogRaise_K,14168.2
1027,10/15/2020,Poseidon_K,0.0
1028,10/15/2020,Space_K,284161.527
1029,10/15/2020,Walk_K,5304.42
1030,10/15/2020,PrivacyPowerPro_K,17885.156000000006
1031,10/15/2020,500_K,4926.59
1032,10/15/2020,Mars_K,101319.19
1033,10/15/2020,Cookie_K,22834.59
1034,10/15/2020,ColorPhone_K,24251.36
1035,10/16/2020,FastClear_K,5558.47
1036,10/16/2020,Walk_K,6876.03
1037,10/16/2020,ColorPhone_K,28014.22
1038,10/16/2020,Rat_K,15735.39
1039,10/16/2020,500_K,6837.11
1040,10/16/2020,Normandy_K,26839.19
1041,10/16/2020,Amber_K,10467.76
1042,10/16/2020,PrivacyPowerPro_K,20063.357
1043,10/16/2020,Space_K,265121.272
1044,10/16/2020,DogRaise_K,21680.7
1045,10/16/2020,Mars_K,72214.39
1046,10/16/2020,Cookie_K,34757.09
1047,10/16/2020,Apollo_K,129650.4
1048,10/16/2020,Optimizer_K,30125.65
1049,10/16/2020,Poseidon_K,2235.58
1050,10/16/2020,Athena,2731.57
1051,10/17/2020,Poseidon_K,37283.23
1052,10/17/2020,Normandy_K,32609.61
1053,10/17/2020,Athena,6698.14
1054,10/17/2020,Optimizer_K,26922.808999999997
1055,10/17/2020,500_K,28212.17
1056,10/17/2020,Cookie_K,52401.41
1057,10/17/2020,DogRaise_K,17470.08
1058,10/17/2020,Apollo_K,157732.0
1059,10/17/2020,Space_K,237337.288
1060,10/17/2020,FastClear_K,5445.21
1061,10/17/2020,PrivacyPowerPro_K,19249.346
1062,10/17/2020,ColorPhone_K,26402.57
1063,10/17/2020,Rat_K,16580.07
1064,10/17/2020,Walk_K,4511.95
1065,10/17/2020,Amber_K,10212.04
1066,10/17/2020,Mars_K,114533.21
1067,10/18/2020,Normandy_K,32200.67
1068,10/18/2020,Poseidon_K,31799.95
1069,10/18/2020,FastClear_K,5152.26
1070,10/18/2020,Amber_K,10229.86
1071,10/18/2020,Athena,9999.12
1072,10/18/2020,Walk_K,4646.73
1073,10/18/2020,Rat_K,17654.34
1074,10/18/2020,PrivacyPowerPro_K,20863.168
1075,10/18/2020,Optimizer_K,30475.452
1076,10/18/2020,ColorPhone_K,36586.72
1077,10/18/2020,DogRaise_K,10412.25
1078,10/18/2020,Cookie_K,58712.8
1079,10/18/2020,Apollo_K,123244.51
1080,10/18/2020,Space_K,226799.491
1081,10/18/2020,500_K,18436.51
1082,10/18/2020,Mars_K,98282.32
1083,10/19/2020,DogRaise_K,14674.84
1084,10/19/2020,Athena,2997.21
1085,10/19/2020,500_K,3053.25
1086,10/19/2020,Rat_K,41579.41
1087,10/19/2020,Walk_K,5243.58
1088,10/19/2020,Poseidon_K,31234.73
1089,10/19/2020,FastClear_K,5099.42
1090,10/19/2020,Apollo_K,136269.93
1091,10/19/2020,Optimizer_K,22831.557999999997
1092,10/19/2020,Cookie_K,20466.1
1093,10/19/2020,Amber_K,10072.18
1094,10/19/2020,ColorPhone_K,61939.38
1095,10/19/2020,Mars_K,77730.44
1096,10/19/2020,Space_K,155651.313
1097,10/19/2020,Normandy_K,27431.91
1098,10/19/2020,PrivacyPowerPro_K,36393.237
1099,10/20/2020,Cookie_K,16945.3
1100,10/20/2020,DogRaise_K,12674.42
1101,10/20/2020,ColorPhone_K,45103.14
1102,10/20/2020,Rat_K,55917.02
1103,10/20/2020,500_K,3932.37
1104,10/20/2020,Apollo_K,131438.6
1105,10/20/2020,Walk_K,4687.42
1106,10/20/2020,Normandy_K,21996.52
1107,10/20/2020,PrivacyPowerPro_K,50317.982
1108,10/20/2020,Mars_K,78621.36
1109,10/20/2020,Space_K,142350.34699999998
1110,10/20/2020,Optimizer_K,27571.65700000001
1111,10/20/2020,Athena,1581.52
1112,10/20/2020,FastClear_K,5183.44
1113,10/20/2020,Amber_K,10106.1
1114,10/20/2020,Poseidon_K,36886.64
1115,10/21/2020,DogRaise_K,9429.335662000001
1116,10/21/2020,Cookie_K,14724.8
1117,10/21/2020,Poseidon_K,42031.75813
1118,10/21/2020,Space_K,137052.962
1119,10/21/2020,Amber_K,9303.77
1120,10/21/2020,Rat_K,87470.7
1121,10/21/2020,ColorPhone_K,22295.52
1122,10/21/2020,Walk_K,6398.03
1123,10/21/2020,Mars_K,62112.12
1124,10/21/2020,Normandy_K,18634.73
1125,10/21/2020,PrivacyPowerPro_K,39951.981
1126,10/21/2020,FastClear_K,4980.87
1127,10/21/2020,Optimizer_K,32895.611000000004
1128,10/21/2020,500_K,3854.28
1129,10/21/2020,Apollo_K,85137.1
1130,10/21/2020,Athena,938.22
1131,10/22/2020 0:00,Cookie_K,43648.47
1132,10/22/2020 0:00,Mars_K,216433.42
1133,10/22/2020 0:00,ColorPhone_K,128483.0
1134,10/22/2020 0:00,FastClear_K,4611.4
1135,10/22/2020 0:00,Space_K,352149.959
1136,10/22/2020 0:00,Normandy_K,57472.7
1137,10/22/2020 0:00,500_K,10606.21
1138,10/22/2020 0:00,River_K,0.0
1139,10/22/2020 0:00,Apollo_K,195845.77
1140,10/22/2020 0:00,Walk_K,34242.92
1141,10/22/2020 0:00,DogRaise_K,72621.07
1142,10/22/2020 0:00,Poseidon_K,55850.54
1143,10/22/2020 0:00,PrivacyPowerPro_K,59354.207
1144,10/22/2020 0:00,Athena,1911.61
1145,10/22/2020 0:00,Optimizer_K,26799.179
1146,10/22/2020 0:00,Rat_K,129699.73
1147,10/22/2020 0:00,Amber_K,11997.42
1148,10/23/2020 0:00,DogRaise_K,45837.85
1149,10/23/2020 0:00,ColorPhone_K,39329.43
1150,10/23/2020 0:00,Normandy_K,44158.96
1151,10/23/2020 0:00,Space_K,212744.24
1152,10/23/2020 0:00,Amber_K,12200.0
1153,10/23/2020 0:00,Athena,1530.01
1154,10/23/2020 0:00,500_K,3412.26
1155,10/23/2020 0:00,Apollo_K,297647.75
1156,10/23/2020 0:00,Poseidon_K,37445.06
1157,10/23/2020 0:00,PrivacyPowerPro_K,45432.922
1158,10/23/2020 0:00,Rat_K,157450.37
1159,10/23/2020 0:00,Optimizer_K,26363.159
1160,10/23/2020 0:00,FastClear_K,1315.06
1161,10/23/2020 0:00,Cookie_K,13026.63
1162,10/23/2020 0:00,Walk_K,34001.77
1163,10/23/2020 0:00,Mars_K,212470.14
1164,10/24/2020 0:00,Apollo_K,373619.8
1165,10/24/2020 0:00,Cookie_K,0.0
1166,10/24/2020 0:00,FastClear_K,1658.27
1167,10/24/2020 0:00,Amber_K,12000.0
1168,10/24/2020 0:00,Mars_K,282369.25
1169,10/24/2020 0:00,Space_K,229953.057
1170,10/24/2020 0:00,Normandy_K,29884.97
1171,10/24/2020 0:00,Athena,1779.42
1172,10/24/2020 0:00,Optimizer_K,46804.560999999994
1173,10/24/2020 0:00,Rat_K,134143.71
1174,10/24/2020 0:00,ColorPhone_K,9999.32
1175,10/24/2020 0:00,PrivacyPowerPro_K,63962.522000000004
1176,10/24/2020 0:00,Poseidon_K,52575.68
1177,10/24/2020 0:00,500_K,9.32
1178,10/24/2020 0:00,Walk_K,16999.95
1179,10/24/2020 0:00,DogRaise_K,49213.04
1180,10/25/2020 0:00,Optimizer_K,37690.172
1181,10/25/2020 0:00,Mars_K,222969.17
1182,10/25/2020 0:00,Walk_K,16996.01
1183,10/25/2020 0:00,FastClear_K,1614.43
1184,10/25/2020 0:00,Apollo_K,214401.31
1185,10/25/2020 0:00,500_K,431.18
1186,10/25/2020 0:00,DogRaise_K,41350.29
1187,10/25/2020 0:00,Rat_K,144601.68
1188,10/25/2020 0:00,Normandy_K,25811.26
1189,10/25/2020 0:00,Amber_K,12000.0
1190,10/25/2020 0:00,Poseidon_K,39303.79
1191,10/25/2020 0:00,Space_K,203864.551
1192,10/25/2020 0:00,Cookie_K,0.0
1193,10/25/2020 0:00,PrivacyPowerPro_K,65949.69
1194,10/25/2020 0:00,ColorPhone_K,10575.35
1195,10/25/2020 0:00,Athena,1987.65
1196,10/26/2020 0:00,DogRaise_K,46272.77
1197,10/26/2020 0:00,Walk_K,16998.03
1198,10/26/2020 0:00,Cookie_K,0.0
1199,10/26/2020 0:00,Apollo_K,215306.62
1200,10/26/2020 0:00,ColorPhone_K,7542.51
1201,10/26/2020 0:00,Normandy_K,21556.12
1202,10/26/2020 0:00,Athena,1830.16
1203,10/26/2020 0:00,FastClear_K,1000.86
1204,10/26/2020 0:00,500_K,222.47
1205,10/26/2020 0:00,Optimizer_K,38680.042
1206,10/26/2020 0:00,Amber_K,12000.0
1207,10/26/2020 0:00,Rat_K,134012.14
1208,10/26/2020 0:00,Mars_K,209105.57
1209,10/26/2020 0:00,PrivacyPowerPro_K,84131.67800000001
1210,10/26/2020 0:00,Space_K,236272.667
1211,10/26/2020 0:00,Poseidon_K,39265.79
1212,10/27/2020 0:00,ColorPhone_K,7630.94
1213,10/27/2020 0:00,Space_K,230523.72699999998
1214,10/27/2020 0:00,Cookie_K,3.75
1215,10/27/2020 0:00,Walk_K,37988.53
1216,10/27/2020 0:00,Amber_K,12000.0
1217,10/27/2020 0:00,Optimizer_K,40235.318
1218,10/27/2020 0:00,Poseidon_K,45672.88
1219,10/27/2020 0:00,Athena,2228.44
1220,10/27/2020 0:00,Rat_K,87785.93
1221,10/27/2020 0:00,Mars_K,180799.5
1222,10/27/2020 0:00,Apollo_K,163446.73
1223,10/27/2020 0:00,Normandy_K,31001.29
1224,10/27/2020 0:00,PrivacyPowerPro_K,79342.622
1225,10/27/2020 0:00,DogRaise_K,35404.14
1226,10/27/2020 0:00,500_K,4061.08
1227,10/27/2020 0:00,FastClear_K,1000.0
1228,10/28/2020 0:00,ColorPhone_K,9284.98
1229,10/28/2020 0:00,Rat_K,86479.56
1230,10/28/2020 0:00,Normandy_K,29730.72
1231,10/28/2020 0:00,Cookie_K,305.34
1232,10/28/2020 0:00,Walk_K,46997.67
1233,10/28/2020 0:00,Space_K,212774.24300000002
1234,10/28/2020 0:00,Amber_K,11999.74
1235,10/28/2020 0:00,500_K,5000.0
1236,10/28/2020 0:00,Mars_K,139091.3
1237,10/28/2020 0:00,Optimizer_K,35950.306000000004
1238,10/28/2020 0:00,PrivacyPowerPro_K,99907.18800000001
1239,10/28/2020 0:00,Athena,1138.27
1240,10/28/2020 0:00,FastClear_K,1000.0
1241,10/28/2020 0:00,Apollo_K,121114.92
1242,10/28/2020 0:00,DogRaise_K,29314.61
1243,10/28/2020 0:00,Poseidon_K,46044.55
1244,10/29/2020 0:00,PrivacyPowerPro_K,122564.515
1245,10/29/2020 0:00,Apollo_K,92761.77
1246,10/29/2020 0:00,ColorPhone_K,13501.29
1247,10/29/2020 0:00,Walk_K,53703.96
1248,10/29/2020 0:00,500_K,8959.69
1249,10/29/2020 0:00,Rat_K,110344.11
1250,10/29/2020 0:00,Athena,1118.7
1251,10/29/2020 0:00,Mars_K,161487.73
1252,10/29/2020 0:00,Optimizer_K,35333.781
1253,10/29/2020 0:00,Normandy_K,27062.01
1254,10/29/2020 0:00,Amber_K,11828.81
1255,10/29/2020 0:00,Space_K,191560.105
1256,10/29/2020 0:00,DogRaise_K,25439.03
1257,10/29/2020 0:00,Poseidon_K,56680.43
1258,10/29/2020 0:00,Cookie_K,4883.51
1259,10/29/2020 0:00,FastClear_K,1000.0
1260,10/30/2020 0:00,DogRaise_K,33769.12
1261,10/30/2020 0:00,Cookie_K,5000.0
1262,10/30/2020 0:00,Poseidon_K,59097.14
1263,10/30/2020 0:00,Rat_K,155208.68
1264,10/30/2020 0:00,Apollo_K,93266.56
1265,10/30/2020 0:00,ColorPhone_K,38259.76
1266,10/30/2020 0:00,Athena,1733.89
1267,10/30/2020 0:00,Amber_K,11999.93
1268,10/30/2020 0:00,Normandy_K,17108.24
1269,10/30/2020 0:00,Space_K,151018.697
1270,10/30/2020 0:00,Walk_K,35714.54
1271,10/30/2020 0:00,PrivacyPowerPro_K,100339.805
1272,10/30/2020 0:00,Optimizer_K,26349.708
1273,10/30/2020 0:00,FastClear_K,1000.0
1274,10/30/2020 0:00,500_K,10133.95
1275,10/30/2020 0:00,Mars_K,184023.51
1276,10/30/2020 0:00,River_K,0.0
1277,10/31/2020 0:00,Athena,1697.69
1278,10/31/2020 0:00,River_K,0.0
1279,10/31/2020 0:00,Mars_K,179040.73
1280,10/31/2020 0:00,ColorPhone_K,53972.23
1281,10/31/2020 0:00,500_K,17008.6
1282,10/31/2020 0:00,Apollo_K,87131.42
1283,10/31/2020 0:00,Optimizer_K,30020.959
1284,10/31/2020 0:00,Walk_K,21650.84
1285,10/31/2020 0:00,Amber_K,12000.0
1286,10/31/2020 0:00,Rat_K,92358.75
1287,10/31/2020 0:00,PrivacyPowerPro_K,75162.741
1288,10/31/2020 0:00,Poseidon_K,44821.79
1289,10/31/2020 0:00,Normandy_K,24283.27
1290,10/31/2020 0:00,FastClear_K,1000.0
1291,10/31/2020 0:00,DogRaise_K,17591.36
1292,10/31/2020 0:00,Cookie_K,5028.07
1293,10/31/2020 0:00,LuckyDog_K,3884.16
1294,10/31/2020 0:00,Space_K,141021.513
1295,11/1/2020 0:00,LuckyDog_K,28998.35
1296,11/1/2020 0:00,FastClear_K,1000.0
1297,11/1/2020 0:00,500_K,17649.33
1298,11/1/2020 0:00,Rat_K,62916.77
1299,11/1/2020 0:00,Space_K,165400.12900000002
1300,11/1/2020 0:00,Cookie_K,5724.49
1301,11/1/2020 0:00,Athena,1891.09
1302,11/1/2020 0:00,DogRaise_K,14993.1
1303,11/1/2020 0:00,Walk_K,13712.77
1304,11/1/2020 0:00,Apollo_K,66817.43
1305,11/1/2020 0:00,Mars_K,160845.89
1306,11/1/2020 0:00,PrivacyPowerPro_K,64871.86
1307,11/1/2020 0:00,Normandy_K,26649.6
1308,11/1/2020 0:00,Poseidon_K,25565.44
1309,11/1/2020 0:00,Optimizer_K,29686.912999999997
1310,11/1/2020 0:00,Amber_K,11984.89
1311,11/1/2020 0:00,ColorPhone_K,62954.16
1312,11/2/2020 0:00,Rat_K,64465.65
1313,11/2/2020 0:00,DogRaise_K,15636.63
1314,11/2/2020 0:00,Walk_K,18723.15
1315,11/2/2020 0:00,Mars_K,228662.18
1316,11/2/2020 0:00,500_K,12864.8
1317,11/2/2020 0:00,Apollo_K,106446.7
1318,11/2/2020 0:00,PrivacyPowerPro_K,70307.22099999999
1319,11/2/2020 0:00,Poseidon_K,20034.82
1320,11/2/2020 0:00,Space_K,232040.38199999998
1321,11/2/2020 0:00,Athena,857.83
1322,11/2/2020 0:00,ColorPhone_K,92767.75
1323,11/2/2020 0:00,Normandy_K,23770.89
1324,11/2/2020 0:00,LuckyDog_K,24995.85
1325,11/2/2020 0:00,Optimizer_K,28740.15600000001
1326,11/2/2020 0:00,Cookie_K,6849.27
1327,11/2/2020 0:00,Amber_K,11993.19
1328,11/2/2020 0:00,FastClear_K,1000.0
1329,11/3/2020 0:00,Athena,653.92
1330,11/3/2020 0:00,Walk_K,17227.07
1331,11/3/2020 0:00,PrivacyPowerPro_K,66174.525
1332,11/3/2020 0:00,Rat_K,64198.25
1333,11/3/2020 0:00,Apollo_K,75805.93
1334,11/3/2020 0:00,500_K,12784.34
1335,11/3/2020 0:00,Poseidon_K,24190.41
1336,11/3/2020 0:00,Mars_K,235051.61
1337,11/3/2020 0:00,Optimizer_K,30455.693
1338,11/3/2020 0:00,ColorPhone_K,81020.81
1339,11/3/2020 0:00,LuckyDog_K,24990.91
1340,11/3/2020 0:00,DogRaise_K,11158.46
1341,11/3/2020 0:00,Space_K,281105.235
1342,11/3/2020 0:00,Cookie_K,7382.6
1343,11/3/2020 0:00,FastClear_K,1000.0
1344,11/3/2020 0:00,Normandy_K,14767.13
1345,11/3/2020 0:00,River_K,0.0
1346,11/3/2020 0:00,Amber_K,9890.22
1347,11/4/2020 0:00,Mars_K,244444.06
1348,11/4/2020 0:00,Cookie_K,9748.98
1349,11/4/2020 0:00,LuckyDog_K,26990.44
1350,11/4/2020 0:00,FastClear_K,1000.0
1351,11/4/2020 0:00,PrivacyPowerPro_K,49059.363
1352,11/4/2020 0:00,Normandy_K,11946.09
1353,11/4/2020 0:00,Space_K,465916.092
1354,11/4/2020 0:00,Poseidon_K,20821.82
1355,11/4/2020 0:00,ColorPhone_K,82532.08
1356,11/4/2020 0:00,Athena,694.51
1357,11/4/2020 0:00,Walk_K,10257.93
1358,11/4/2020 0:00,Rat_K,45275.75
1359,11/4/2020 0:00,Optimizer_K,36968.58
1360,11/4/2020 0:00,500_K,14709.67
1361,11/4/2020 0:00,Amber_K,0.0
1362,11/4/2020 0:00,Apollo_K,77144.76
1363,11/4/2020 0:00,DogRaise_K,14377.09
1364,11/4/2020 0:00,River_K,24970.36
1365,11/5/2020 0:00,Normandy_K,17292.27
1366,11/5/2020 0:00,LuckyDog_K,67500.0
1367,11/5/2020 0:00,Space_K,490596.561
1368,11/5/2020 0:00,PrivacyPowerPro_K,44615.377
1369,11/5/2020 0:00,Walk_K,12927.22
1370,11/5/2020 0:00,Athena,819.15
1371,11/5/2020 0:00,Apollo_K,191632.21
1372,11/5/2020 0:00,Cookie_K,15083.06
1373,11/5/2020 0:00,River_K,15000.0
1374,11/5/2020 0:00,ColorPhone_K,75670.62
1375,11/5/2020 0:00,Optimizer_K,19460.813000000002
1376,11/5/2020 0:00,Rat_K,34662.95
1377,11/5/2020 0:00,Mars_K,213925.8
1378,11/5/2020 0:00,Amber_K,0.0
1379,11/5/2020 0:00,500_K,9786.88
1380,11/5/2020 0:00,FastClear_K,3233.51
1381,11/5/2020 0:00,DogRaise_K,18601.39
1382,11/5/2020 0:00,Poseidon_K,21646.58
1383,11/6/2020 0:00,Walk_K,10630.783000000001
1384,11/6/2020 0:00,Cookie_K,10668.09
1385,11/6/2020 0:00,DogRaise_K,14135.56
1386,11/6/2020 0:00,Optimizer_K,21228.842
1387,11/6/2020 0:00,LuckyDog_K,160435.44
1388,11/6/2020 0:00,FastClear_K,2822.76
1389,11/6/2020 0:00,Space_K,458804.70700000005
1390,11/6/2020 0:00,Poseidon_K,14780.11
1391,11/6/2020 0:00,Rat_K,29385.64
1392,11/6/2020 0:00,Amber_K,0.0
1393,11/6/2020 0:00,Normandy_K,23435.14
1394,11/6/2020 0:00,Athena,559.29
1395,11/6/2020 0:00,ColorPhone_K,56961.15
1396,11/6/2020 0:00,Mars_K,133247.86
1397,11/6/2020 0:00,500_K,15694.92
1398,11/6/2020 0:00,PrivacyPowerPro_K,46828.254
1399,11/6/2020 0:00,Apollo_K,317375.18
1400,11/6/2020 0:00,River_K,15000.0
1401,11/7/2020 0:00,Cookie_K,18570.36
1402,11/7/2020 0:00,DogRaise_K,7776.77
1403,11/7/2020 0:00,Normandy_K,31241.69
1404,11/7/2020 0:00,500_K,27275.25
1405,11/7/2020 0:00,Mars_K,100315.43
1406,11/7/2020 0:00,Apollo_K,308169.67
1407,11/7/2020 0:00,Space_K,516521.039
1408,11/7/2020 0:00,Athena,1900.72
1409,11/7/2020 0:00,ColorPhone_K,66246.42
1410,11/7/2020 0:00,LuckyDog_K,163769.53
1411,11/7/2020 0:00,Rat_K,32826.87
1412,11/7/2020 0:00,Walk_K,9519.43
1413,11/7/2020 0:00,River_K,15000.0
1414,11/7/2020 0:00,Amber_K,0.0
1415,11/7/2020 0:00,Poseidon_K,16862.47
1416,11/7/2020 0:00,Optimizer_K,25516.749
1417,11/7/2020 0:00,PrivacyPowerPro_K,36981.207
1418,11/7/2020 0:00,FastClear_K,10000.0
1419,11/8/2020 0:00,LuckyDog_K,64240.19
1420,11/8/2020 0:00,Apollo_K,196188.88
1421,11/8/2020 0:00,River_K,15000.0
1422,11/8/2020 0:00,Amber_K,0.0
1423,11/8/2020 0:00,ColorPhone_K,63167.58
1424,11/8/2020 0:00,500_K,19405.07
1425,11/8/2020 0:00,Cookie_K,18258.53
1426,11/8/2020 0:00,DogRaise_K,8744.23
1427,11/8/2020 0:00,Mars_K,100493.58
1428,11/8/2020 0:00,FastClear_K,9765.85
1429,11/8/2020 0:00,Poseidon_K,14457.8
1430,11/8/2020 0:00,Walk_K,9488.2
1431,11/8/2020 0:00,Rat_K,29228.39
1432,11/8/2020 0:00,Athena,979.33
1433,11/8/2020 0:00,Space_K,549211.83
1434,11/8/2020 0:00,Normandy_K,24970.16
1435,11/8/2020 0:00,Optimizer_K,22329.83
1436,11/8/2020 0:00,PrivacyPowerPro_K,41784.918
1437,2020-11-09 00:00:00,Mars_K,82984.31000000094
1438,2020-11-09 00:00:00,Athena,1127.44
1439,2020-11-09 00:00:00,ColorPhone_K,45347.22000000192
1440,2020-11-09 00:00:00,500_K,6741.3600000000415
1441,2020-11-09 00:00:00,Optimizer_K,20989.010000000308
1442,2020-11-09 00:00:00,FastClear_K,5000.000000000006
1443,2020-11-09 00:00:00,Normandy_K,14303.620000000117
1444,2020-11-09 00:00:00,Rat_K,43505.28000000005
1445,2020-11-09 00:00:00,Space_K,573455.7609996726
1446,2020-11-09 00:00:00,Walk_K,9509.720000000014
1447,2020-11-09 00:00:00,Poseidon_K,13206.829999999978
1448,2020-11-09 00:00:00,Cookie_K,12988.519999999764
1449,2020-11-09 00:00:00,DogRaise_K,6623.570000000016
1450,2020-11-09 00:00:00,PrivacyPowerPro_K,39151.82599999981
1451,2020-11-09 00:00:00,Apollo_K,164791.4999999994
1452,2020-11-09 00:00:00,LuckyDog_K,70099.08999999554
1453,2020-11-09 00:00:00,River_K,18999.99999999998
1454,2020-11-09 00:00:00,Amber_K,0.0
1455,2020-11-10 00:00:00,FastClear_K,4999.999999999956
1456,2020-11-10 00:00:00,Cookie_K,10713.049999999816
1457,2020-11-10 00:00:00,Normandy_K,14716.08999999943
1458,2020-11-10 00:00:00,Rat_K,29743.72000000022
1459,2020-11-10 00:00:00,Apollo_K,153220.480000008
1460,2020-11-10 00:00:00,PrivacyPowerPro_K,57212.10399999973
1461,2020-11-10 00:00:00,Mars_K,58268.029999999235
1462,2020-11-10 00:00:00,Optimizer_K,17782.577999998924
1463,2020-11-10 00:00:00,500_K,5852.3799999999865
1464,2020-11-10 00:00:00,River_K,19999.999999999603
1465,2020-11-10 00:00:00,Athena,1458.5999999999995
1466,2020-11-10 00:00:00,Amber_K,0.0
1467,2020-11-10 00:00:00,ColorPhone_K,31162.28000000104
1468,2020-11-10 00:00:00,LuckyDog_K,41087.4800000018
1469,2020-11-10 00:00:00,DogRaise_K,4110.119999999998
1470,2020-11-10 00:00:00,Poseidon_K,13267.129999999926
1471,2020-11-10 00:00:00,Walk_K,4964.6700000000155
1472,2020-11-10 00:00:00,Space_K,351147.60700000764
1473,2020-11-11 00:00:00,LuckyDog_K,22983.11999999993
1474,2020-11-11 00:00:00,Cookie_K,13367.080000000351
1475,2020-11-11 00:00:00,Athena,2129.4200000000005
1476,2020-11-11 00:00:00,FastClear_K,5000.000000000009
1477,2020-11-11 00:00:00,Walk_K,4739.449999999995
1478,2020-11-11 00:00:00,Poseidon_K,15361.05999999972
1479,2020-11-11 00:00:00,Normandy_K,11865.960000000017
1480,2020-11-11 00:00:00,PrivacyPowerPro_K,68937.74099999694
1481,2020-11-11 00:00:00,500_K,6248.779999999984
1482,2020-11-11 00:00:00,Amber_K,0.0
1483,2020-11-11 00:00:00,Mars_K,53550.820000002735
1484,2020-11-11 00:00:00,Optimizer_K,16600.720999999838
1485,2020-11-11 00:00:00,ColorPhone_K,30299.650000000165
1486,2020-11-11 00:00:00,River_K,24139.630000000347
1487,2020-11-11 00:00:00,Apollo_K,121436.36999999982
1488,2020-11-11 00:00:00,Rat_K,24986.599999999555
1489,2020-11-11 00:00:00,DogRaise_K,4368.939999999997
1490,2020-11-11 00:00:00,Space_K,275358.48600008234
1491,2020-11-12 00:00:00,Amber_K,0.0
1492,2020-11-12 00:00:00,Cookie_K,15918.679999999811
1493,2020-11-12 00:00:00,River_K,19973.510000000162
1494,2020-11-12 00:00:00,PrivacyPowerPro_K,100312.5979999961
1495,2020-11-12 00:00:00,LuckyDog_K,29422.079999999423
1496,2020-11-12 00:00:00,Poseidon_K,17903.640000000214
1497,2020-11-12 00:00:00,DogRaise_K,8407.51999999999
1498,2020-11-12 00:00:00,Athena,2421.960000000003
1499,2020-11-12 00:00:00,Walk_K,8841.510000000004
1500,2020-11-12 00:00:00,Rat_K,29016.8699999994
1501,2020-11-12 00:00:00,ColorPhone_K,44483.669000000285
1502,2020-11-12 00:00:00,FastClear_K,5000.000000000036
1503,2020-11-12 00:00:00,Normandy_K,33538.18999999954
1504,2020-11-12 00:00:00,500_K,6188.660000000027
1505,2020-11-12 00:00:00,Optimizer_K,19673.87800000004
1506,2020-11-12 00:00:00,Apollo_K,159466.75000000553
1507,2020-11-12 00:00:00,Mars_K,98735.27999999661
1508,2020-11-12 00:00:00,Space_K,310909.50799997663
1509,2020-11-13 00:00:00,River_K,14757.31000000019
1510,2020-11-13 00:00:00,Optimizer_K,23641.726999998988
1511,2020-11-13 00:00:00,Cookie_K,24348.829999999427
1512,2020-11-13 00:00:00,PrivacyPowerPro_K,83702.3999999995
1513,2020-11-13 00:00:00,Rat_K,29402.69000000107
1514,2020-11-13 00:00:00,DogRaise_K,7698.310000000049
1515,2020-11-13 00:00:00,Apollo_K,216201.2599999828
1516,2020-11-13 00:00:00,FastClear_K,4999.999999999951
1517,2020-11-13 00:00:00,LuckyDog_K,31901.110000000517
1518,2020-11-13 00:00:00,Normandy_K,55772.690000000985
1519,2020-11-13 00:00:00,ColorPhone_K,57633.87999999662
1520,2020-11-13 00:00:00,Walk_K,10045.33999999992
1521,2020-11-13 00:00:00,Poseidon_K,24381.55000000004
1522,2020-11-13 00:00:00,Amber_K,0.0
1523,2020-11-13 00:00:00,Mars_K,98937.54999999264
1524,2020-11-13 00:00:00,500_K,8288.33000000009
1525,2020-11-13 00:00:00,Athena,1995.690000000003
1526,2020-11-13 00:00:00,Space_K,356113.9880000092
1527,2020-11-14 00:00:00,Cookie_K,69327.75000000081
1528,2020-11-14 00:00:00,Amber_K,0.0
1529,2020-11-14 00:00:00,Space_K,362778.45300005923
1530,2020-11-14 00:00:00,Mars_K,97602.53999999596
1531,2020-11-14 00:00:00,LuckyDog_K,31173.450000000412
1532,2020-11-14 00:00:00,Apollo_K,233716.50999997745
1533,2020-11-14 00:00:00,500_K,16737.070000000032
1534,2020-11-14 00:00:00,PrivacyPowerPro_K,79713.65599998696
1535,2020-11-14 00:00:00,Rat_K,32961.940000001174
1536,2020-11-14 00:00:00,Athena,1529.1499999999987
1537,2020-11-14 00:00:00,River_K,10966.829999999918
1538,2020-11-14 00:00:00,DogRaise_K,7351.6200000000135
1539,2020-11-14 00:00:00,Walk_K,9268.660000000003
1540,2020-11-14 00:00:00,ColorPhone_K,65708.34200000597
1541,2020-11-14 00:00:00,Optimizer_K,22707.77500000032
1542,2020-11-14 00:00:00,Normandy_K,73596.34000000091
1543,2020-11-14 00:00:00,FastClear_K,4999.999999999995
1544,2020-11-14 00:00:00,Poseidon_K,18492.630000000136
1545,2020-11-15 00:00:00,PrivacyPowerPro_K,64045.42900000088
1546,2020-11-15 00:00:00,LuckyDog_K,24153.76999999986
1547,2020-11-15 00:00:00,Cookie_K,45002.36000000328
1548,2020-11-15 00:00:00,Walk_K,14651.980000000036
1549,2020-11-15 00:00:00,Poseidon_K,21489.840000000306
1550,2020-11-15 00:00:00,DogRaise_K,8318.840000000044
1551,2020-11-15 00:00:00,River_K,7079.5500000001575
1552,2020-11-15 00:00:00,500_K,17406.860000000568
1553,2020-11-15 00:00:00,Amber_K,0.0
1554,2020-11-15 00:00:00,FastClear_K,5000.000000000042
1555,2020-11-15 00:00:00,Normandy_K,98254.02999998556
1556,2020-11-15 00:00:00,Space_K,312345.724000048
1557,2020-11-15 00:00:00,Athena,1468.6300000000012
1558,2020-11-15 00:00:00,Mars_K,115004.0300000062
1559,2020-11-15 00:00:00,ColorPhone_K,70748.82500000039
1560,2020-11-15 00:00:00,Optimizer_K,22805.270000000663
1561,2020-11-15 00:00:00,Apollo_K,184425.13000002922
1562,2020-11-15 00:00:00,Rat_K,32231.77000000021
1563,2020-11-16 00:00:00,Cookie_K,10629.709999999981
1564,2020-11-16 00:00:00,Normandy_K,78390.09999999554
1565,2020-11-16 00:00:00,Apollo_K,191508.87999999808
1566,2020-11-16 00:00:00,FastClear_K,5144.600000000062
1567,2020-11-16 00:00:00,Amber_K,0.2
1568,2020-11-16 00:00:00,PrivacyPowerPro_K,56961.052000003976
1569,2020-11-16 00:00:00,Mars_K,120074.66000000092
1570,2020-11-16 00:00:00,Walk_K,12797.210000000083
1571,2020-11-16 00:00:00,Poseidon_K,20537.60000000037
1572,2020-11-16 00:00:00,LuckyDog_K,23681.350000000224
1573,2020-11-16 00:00:00,500_K,5838.049999999979
1574,2020-11-16 00:00:00,River_K,9548.399999999936
1575,2020-11-16 00:00:00,Athena,1346.91
1576,2020-11-16 00:00:00,Rat_K,40656.86999999928
1577,2020-11-16 00:00:00,ColorPhone_K,45384.77000000489
1578,2020-11-16 00:00:00,DogRaise_K,8727.829999999885
1579,2020-11-16 00:00:00,Space_K,258138.4540000145
1580,2020-11-16 00:00:00,Optimizer_K,22897.959000000577
1581,2020-11-17 00:00:00,Cookie_K,6609.14999999996
1582,2020-11-17 00:00:00,Normandy_K,79114.68999999597
1583,2020-11-17 00:00:00,Optimizer_K,18140.23000000056
1584,2020-11-17 00:00:00,PrivacyPowerPro_K,32911.56199999977
1585,2020-11-17 00:00:00,Athena,2611.2699999999995
1586,2020-11-17 00:00:00,FastClear_K,5000.46000000002
1587,2020-11-17 00:00:00,500_K,3252.1100000000097
1588,2020-11-17 00:00:00,Mars_K,127409.62000000494
1589,2020-11-17 00:00:00,Rat_K,24041.880000000947
1590,2020-11-17 00:00:00,Apollo_K,204422.8100000152
1591,2020-11-17 00:00:00,Poseidon_K,28854.4600000006
1592,2020-11-17 00:00:00,Walk_K,7846.989999999979
1593,2020-11-17 00:00:00,ColorPhone_K,31347.949999999848
1594,2020-11-17 00:00:00,River_K,9704.389999999943
1595,2020-11-17 00:00:00,LuckyDog_K,9822.320000000025
1596,2020-11-17 00:00:00,Space_K,230177.71099994343
1597,2020-11-17 00:00:00,Amber_K,0.0
1598,2020-11-17 00:00:00,DogRaise_K,8039.899999999937
1599,2020-11-18 00:00:00,500_K,5387.409999999957
1600,2020-11-18 00:00:00,PrivacyPowerPro_K,21531.73099999936
1601,2020-11-18 00:00:00,Mars_K,144029.35999999865
1602,2020-11-18 00:00:00,Cookie_K,9955.52999999989
1603,2020-11-18 00:00:00,Amber_K,0.0
1604,2020-11-18 00:00:00,Walk_K,8334.699999999992
1605,2020-11-18 00:00:00,Poseidon_K,40516.30999999843
1606,2020-11-18 00:00:00,Normandy_K,52641.25000000323
1607,2020-11-18 00:00:00,LuckyDog_K,13740.360000000039
1608,2020-11-18 00:00:00,FastClear_K,5000.609999999944
1609,2020-11-18 00:00:00,Apollo_K,232378.94000005914
1610,2020-11-18 00:00:00,ColorPhone_K,25160.550000001367
1611,2020-11-18 00:00:00,DogRaise_K,9392.950000000035
1612,2020-11-18 00:00:00,Rat_K,26333.07999999995
1613,2020-11-18 00:00:00,Athena,4550.149999999984
1614,2020-11-18 00:00:00,Space_K,188178.1899999926
1615,2020-11-18 00:00:00,Optimizer_K,15829.183999999299
1616,2020-11-18 00:00:00,River_K,8474.799999999996
1617,2020-11-19 00:00:00,Mars_K,139064.3300000049
1618,2020-11-19 00:00:00,PrivacyPowerPro_K,15004.694999999794
1619,2020-11-19 00:00:00,500_K,4422.779999999995
1620,2020-11-19 00:00:00,Optimizer_K,8243.799999999974
1621,2020-11-19 00:00:00,Cookie_K,10694.38
1622,2020-11-19 00:00:00,Normandy_K,14188.980000000092
1623,2020-11-19 00:00:00,Athena,4138.700000000002
1624,2020-11-19 00:00:00,FastClear_K,0.0
1625,2020-11-19 00:00:00,Rat_K,29966.140000000214
1626,2020-11-19 00:00:00,Poseidon_K,50009.8700000005
1627,2020-11-19 00:00:00,ColorPhone_K,22478.17000000095
1628,2020-11-19 00:00:00,Walk_K,7757.4399999999705
1629,2020-11-19 00:00:00,DogRaise_K,4941.210000000038
1630,2020-11-19 00:00:00,LuckyDog_K,13750.649999999863
1631,2020-11-19 00:00:00,River_K,6576.64999999997
1632,2020-11-19 00:00:00,Space_K,136435.62599998215
1633,2020-11-19 00:00:00,Apollo_K,188426.3400000389
1634,2020-11-19 00:00:00,Amber_K,0.0
1635,2020-11-20 00:00:00,River_K,11041.859999999982
1636,2020-11-20 00:00:00,500_K,5213.259999999995
1637,2020-11-20 00:00:00,PrivacyPowerPro_K,11081.656000000201
1638,2020-11-20 00:00:00,LuckyDog_K,15975.31999999985
1639,2020-11-20 00:00:00,Cookie_K,9373.539999999944
1640,2020-11-20 00:00:00,FastClear_K,0.0
1641,2020-11-20 00:00:00,Space_K,122790.14699999028
1642,2020-11-20 00:00:00,Poseidon_K,43160.71999999898
1643,2020-11-20 00:00:00,Amber_K,0.0
1644,2020-11-20 00:00:00,Walk_K,3536.6900000000005
1645,2020-11-20 00:00:00,Apollo_K,178523.60000000548
1646,2020-11-20 00:00:00,ColorPhone_K,24787.17999999963
1647,2020-11-20 00:00:00,Optimizer_K,4143.639999999983
1648,2020-11-20 00:00:00,DogRaise_K,4955.6899999999905
1649,2020-11-20 00:00:00,Athena,7195.400000000045
1650,2020-11-20 00:00:00,Normandy_K,13247.479999999963
1651,2020-11-20 00:00:00,Mars_K,135999.3499999908
1652,2020-11-20 00:00:00,Rat_K,30873.059999999263
1653,2020-11-21 00:00:00,PrivacyPowerPro_K,11022.51679
1654,2020-11-21 00:00:00,RunFast_K,0.0
1655,2020-11-21 00:00:00,Ares_K,19002.2
1656,2020-11-21 00:00:00,Athena,8875.09
1657,2020-11-21 00:00:00,500_K,12978.3
1658,2020-11-21 00:00:00,River_K,4162.28
1659,2020-11-21 00:00:00,Rat_K,37015.25
1660,2020-11-21 00:00:00,Normandy_K,11997.25
1661,2020-11-21 00:00:00,ColorPhone_K,27756.06
1662,2020-11-21 00:00:00,Amber_K,0.0
1663,2020-11-21 00:00:00,LuckyDog_K,13881.34
1664,2020-11-21 00:00:00,DogRaise_K,9617.93
1665,2020-11-21 00:00:00,FastClear_K,0.0
1666,2020-11-21 00:00:00,Cookie_K,17214.27
1667,2020-11-21 00:00:00,Mars_K,144239.11
1668,2020-11-21 00:00:00,Space_K,132456.2704
1669,2020-11-21 00:00:00,Optimizer_K,35.45
1670,2020-11-21 00:00:00,Poseidon_K,35323.45
1671,2020-11-21 00:00:00,Apollo_K,191849.69
1672,2020-11-21 00:00:00,Walk_K,4161.3
1673,2020-11-22 00:00:00,Walk_K,5149.53
1674,2020-11-22 00:00:00,ColorPhone_K,25388.52
1675,2020-11-22 00:00:00,500_K,12603.5
1676,2020-11-22 00:00:00,Normandy_K,11991.75
1677,2020-11-22 00:00:00,Rat_K,35086.37
1678,2020-11-22 00:00:00,Optimizer_K,371.15
1679,2020-11-22 00:00:00,FastClear_K,0.0
1680,2020-11-22 00:00:00,PrivacyPowerPro_K,11016.7522
1681,2020-11-22 00:00:00,Mars_K,156216.47
1682,2020-11-22 00:00:00,LuckyDog_K,16913.77
1683,2020-11-22 00:00:00,DogRaise_K,6649.87
1684,2020-11-22 00:00:00,Ares_K,28000.0
1685,2020-11-22 00:00:00,RunFast_K,0.0
1686,2020-11-22 00:00:00,Apollo_K,161093.04
1687,2020-11-22 00:00:00,Poseidon_K,31696.49
1688,2020-11-22 00:00:00,Amber_K,0.0
1689,2020-11-22 00:00:00,River_K,5426.76
1690,2020-11-22 00:00:00,Cookie_K,11867.71
1691,2020-11-22 00:00:00,Space_K,113810.0257
1692,2020-11-22 00:00:00,Athena,7268.73
1693,2020-11-23 00:00:00,FastClear_K,0.0
1694,2020-11-23 00:00:00,Space_K,103833.7993
1695,2020-11-23 00:00:00,PrivacyPowerPro_K,11294.48944
1696,2020-11-23 00:00:00,Mars_K,151172.82
1697,2020-11-23 00:00:00,Optimizer_K,30.73
1698,2020-11-23 00:00:00,Apollo_K,142608.2
1699,2020-11-23 00:00:00,Walk_K,4433.96
1700,2020-11-23 00:00:00,LuckyDog_K,17381.13
1701,2020-11-23 00:00:00,Ares_K,33717.68
1702,2020-11-23 00:00:00,RunFast_K,0.0
1703,2020-11-23 00:00:00,Amber_K,0.0
1704,2020-11-23 00:00:00,Cookie_K,4118.57
1705,2020-11-23 00:00:00,DogRaise_K,12879.32
1706,2020-11-23 00:00:00,River_K,3559.87
1707,2020-11-23 00:00:00,Rat_K,34821.98
1708,2020-11-23 00:00:00,Poseidon_K,25451.89
1709,2020-11-23 00:00:00,Normandy_K,12063.37
1710,2020-11-23 00:00:00,500_K,2639.77
1711,2020-11-23 00:00:00,Athena,5934.84
1712,2020-11-23 00:00:00,ColorPhone_K,17621.58
1713,2020-11-24 00:00:00,Athena,7409.56
1714,2020-11-24 00:00:00,River_K,10231.62
1715,2020-11-24 00:00:00,Poseidon_K,17164.46
1716,2020-11-24 00:00:00,Mars_K,162737.89
1717,2020-11-24 00:00:00,ColorPhone_K,17172.78
1718,2020-11-24 00:00:00,Apollo_K,166901.15
1719,2020-11-24 00:00:00,FastClear_K,0.0
1720,2020-11-24 00:00:00,Amber_K,0.0
1721,2020-11-24 00:00:00,Optimizer_K,38.07
1722,2020-11-24 00:00:00,Walk_K,3270.58
1723,2020-11-24 00:00:00,Cookie_K,3917.6
1724,2020-11-24 00:00:00,Ares_K,30449.22
1725,2020-11-24 00:00:00,RunFast_K,402.34
1726,2020-11-24 00:00:00,500_K,1493.38
1727,2020-11-24 00:00:00,LuckyDog_K,18307.64
1728,2020-11-24 00:00:00,Space_K,108859.7136
1729,2020-11-24 00:00:00,PrivacyPowerPro_K,11434.0694
1730,2020-11-24 00:00:00,Normandy_K,12799.28
1731,2020-11-24 00:00:00,Rat_K,29222.02
1732,2020-11-24 00:00:00,DogRaise_K,11850.54
1733,2020-11-25 00:00:00,FastClear_K,0.0
1734,2020-11-25 00:00:00,Optimizer_K,5002.13
1735,2020-11-25 00:00:00,Apollo_K,152938.44
1736,2020-11-25 00:00:00,Mars_K,134615.22
1737,2020-11-25 00:00:00,Cookie_K,6254.59
1738,2020-11-25 00:00:00,Walk_K,5605.23
1739,2020-11-25 00:00:00,Space_K,103398.3405
1740,2020-11-25 00:00:00,ColorPhone_K,22020.34
1741,2020-11-25 00:00:00,Normandy_K,12177.78
1742,2020-11-25 00:00:00,DogRaise_K,11687.63
1743,2020-11-25 00:00:00,Ares_K,40917.72
1744,2020-11-25 00:00:00,LuckyDog_K,23028.64
1745,2020-11-25 00:00:00,Rat_K,22470.76
1746,2020-11-25 00:00:00,RunFast_K,9062.07
1747,2020-11-25 00:00:00,Amber_K,0.0
1748,2020-11-25 00:00:00,PrivacyPowerPro_K,12035.80355
1749,2020-11-25 00:00:00,River_K,3118.75
1750,2020-11-25 00:00:00,500_K,2753.96
1751,2020-11-25 00:00:00,Poseidon_K,11922.5
1752,2020-11-25 00:00:00,Athena,10594.05
1753,2020-11-26 00:00:00,Poseidon_K,10900.14
1754,2020-11-26 00:00:00,PrivacyPowerPro_K,12632.73338
1755,2020-11-26 00:00:00,Optimizer_K,5006.32
1756,2020-11-26 00:00:00,DogRaise_K,16135.87
1757,2020-11-26 00:00:00,River_K,16.38
1758,2020-11-26 00:00:00,Space_K,68919.52574
1759,2020-11-26 00:00:00,FastClear_K,0.0
1760,2020-11-26 00:00:00,Normandy_K,10528.52
1761,2020-11-26 00:00:00,500_K,2412.14
1762,2020-11-26 00:00:00,Athena,10523.52
1763,2020-11-26 00:00:00,Amber_K,0.0
1764,2020-11-26 00:00:00,RunFast_K,7970.54
1765,2020-11-26 00:00:00,LuckyDog_K,12508.31
1766,2020-11-26 00:00:00,Mars_K,152464.17
1767,2020-11-26 00:00:00,Ares_K,53005.46
1768,2020-11-26 00:00:00,Cookie_K,5103.58
1769,2020-11-26 00:00:00,Apollo_K,146958.33
1770,2020-11-26 00:00:00,Walk_K,3638.37
1771,2020-11-26 00:00:00,Rat_K,28456.45
1772,2020-11-26 00:00:00,ColorPhone_K,15258.95
1773,2020-11-27 00:00:00,River_K,184.2875426
1774,2020-11-27 00:00:00,Optimizer_K,6733.532561
1775,2020-11-27 00:00:00,500_K,3573.07339
1776,2020-11-27 00:00:00,Apollo_K,134497.9478
1777,2020-11-27 00:00:00,Space_K,75199.09171000001
1778,2020-11-27 00:00:00,DogRaise_K,15602.94625
1779,2020-11-27 00:00:00,PrivacyPowerPro_K,12195.12155
1780,2020-11-27 00:00:00,Walk_K,6062.237815
1781,2020-11-27 00:00:00,Athena,8837.449123999999
1782,2020-11-27 00:00:00,Rat_K,31445.8938
1783,2020-11-27 00:00:00,Amber_K,0.0
1784,2020-11-27 00:00:00,LuckyDog_K,11609.6048
1785,2020-11-27 00:00:00,RunFast_K,10002.18702
1786,2020-11-27 00:00:00,Ares_K,61227.16892
1787,2020-11-27 00:00:00,ColorPhone_K,21035.63239
1788,2020-11-27 00:00:00,FastClear_K,0.0
1789,2020-11-27 00:00:00,Normandy_K,10195.13591
1790,2020-11-27 00:00:00,Cookie_K,6983.590154
1791,2020-11-27 00:00:00,Poseidon_K,11291.84569
1792,2020-11-27 00:00:00,Mars_K,133058.7965
1793,2020-11-28 00:00:00,Athena,10338.38628
1794,2020-11-28 00:00:00,Cookie_K,18152.65163
1795,2020-11-28 00:00:00,Normandy_K,11296.55071
1796,2020-11-28 00:00:00,Walk_K,6339.307351
1797,2020-11-28 00:00:00,DogRaise_K,14993.91604
1798,2020-11-28 00:00:00,Apollo_K,143560.9604
1799,2020-11-28 00:00:00,River_K,6.143509919
1800,2020-11-28 00:00:00,Space_K,73564.93392000001
1801,2020-11-28 00:00:00,Rat_K,39407.21668
1802,2020-11-28 00:00:00,ColorPhone_K,46043.9707
1803,2020-11-28 00:00:00,Optimizer_K,6547.993001
1804,2020-11-28 00:00:00,Mars_K,135345.3727
1805,2020-11-28 00:00:00,PrivacyPowerPro_K,13911.66409
1806,2020-11-28 00:00:00,Amber_K,0.0
1807,2020-11-28 00:00:00,Poseidon_K,13598.21059
1808,2020-11-28 00:00:00,500_K,12708.66288
1809,2020-11-28 00:00:00,RunFast_K,10004.94581
1810,2020-11-28 00:00:00,Ares_K,63844.7962
1811,2020-11-28 00:00:00,LuckyDog_K,16177.927930000002
1812,2020-11-28 00:00:00,FastClear_K,0.0
1813,2020-11-29 00:00:00,Optimizer_K,5333.956849
1814,2020-11-29 00:00:00,500_K,8987.325804
1815,2020-11-29 00:00:00,Walk_K,6003.551474
1816,2020-11-29 00:00:00,Normandy_K,12271.45398
1817,2020-11-29 00:00:00,DogRaise_K,13436.63354
1818,2020-11-29 00:00:00,Ares_K,58270.28579
1819,2020-11-29 00:00:00,River_K,31.56959954
1820,2020-11-29 00:00:00,ColorPhone_K,40940.17988
1821,2020-11-29 00:00:00,Cookie_K,10675.65482
1822,2020-11-29 00:00:00,FastClear_K,0.0
1823,2020-11-29 00:00:00,PrivacyPowerPro_K,12370.02909
1824,2020-11-29 00:00:00,Amber_K,0.0
1825,2020-11-29 00:00:00,RunFast_K,10006.56689
1826,2020-11-29 00:00:00,Poseidon_K,15315.46524
1827,2020-11-29 00:00:00,Space_K,64261.60526
1828,2020-11-29 00:00:00,Mars_K,138303.6108
1829,2020-11-29 00:00:00,Rat_K,48726.27782
1830,2020-11-29 00:00:00,LuckyDog_K,16663.986719999994
1831,2020-11-29 00:00:00,Athena,10586.14188
1832,2020-11-29 00:00:00,Apollo_K,129109.5495
1833,2020-11-30 00:00:00,Cookie_K,1950.512297
1834,2020-11-30 00:00:00,Mars_K,124578.2141
1835,2020-11-30 00:00:00,Ares_K,46849.71347
1836,2020-11-30 00:00:00,Rat_K,38680.10832
1837,2020-11-30 00:00:00,Walk_K,10566.63455
1838,2020-11-30 00:00:00,Poseidon_K,13887.92669
1839,2020-11-30 00:00:00,Apollo_K,166743.7889
1840,2020-11-30 00:00:00,RunFast_K,9999.862169
1841,2020-11-30 00:00:00,Space_K,89657.90669
1842,2020-11-30 00:00:00,LuckyDog_K,12608.93396
1843,2020-11-30 00:00:00,500_K,1144.662829
1844,2020-11-30 00:00:00,PrivacyPowerPro_K,11352.20992
1845,2020-11-30 00:00:00,Athena,12756.55292
1846,2020-11-30 00:00:00,Amber_K,0.0
1847,2020-11-30 00:00:00,FastClear_K,0.0
1848,2020-11-30 00:00:00,River_K,6.052588036
1849,2020-11-30 00:00:00,Normandy_K,7842.502937
1850,2020-11-30 00:00:00,Optimizer_K,4454.90276
1851,2020-11-30 00:00:00,DogRaise_K,21642.96528
1852,2020-11-30 00:00:00,ColorPhone_K,36448.38913
1853,2020-12-01 00:00:00,LuckyDog_K,11797.02994
1854,2020-12-01 00:00:00,Space_K,58075.32766
1855,2020-12-01 00:00:00,FastClear_K,0.0
1856,2020-12-01 00:00:00,RunFast_K,15163.08495
1857,2020-12-01 00:00:00,Rat_K,39962.16351000001
1858,2020-12-01 00:00:00,Amber_K,0.0
1859,2020-12-01 00:00:00,PrivacyPowerPro_K,10848.02266
1860,2020-12-01 00:00:00,Ares_K,42079.28573
1861,2020-12-01 00:00:00,Mars_K,135177.6195
1862,2020-12-01 00:00:00,Poseidon_K,21051.24107
1863,2020-12-01 00:00:00,Apollo_K,149800.6433
1864,2020-12-01 00:00:00,Athena,10438.19251
1865,2020-12-01 00:00:00,River_K,27.73510649
1866,2020-12-01 00:00:00,Optimizer_K,5099.601320000002
1867,2020-12-01 00:00:00,Cookie_K,2101.164337
1868,2020-12-01 00:00:00,500_K,1370.850328
1869,2020-12-01 00:00:00,DogRaise_K,20755.27852
1870,2020-12-01 00:00:00,ColorPhone_K,25191.25113
1871,2020-12-01 00:00:00,Normandy_K,8751.021582
1872,2020-12-01 00:00:00,Walk_K,7857.040072
1873,2020-12-02 00:00:00,RunFast_K,25111.16918
1874,2020-12-02 00:00:00,ColorPhone_K,25833.20569
1875,2020-12-02 00:00:00,Rat_K,50467.64323
1876,2020-12-02 00:00:00,LuckyDog_K,8378.524158
1877,2020-12-02 00:00:00,Amber_K,0.0
1878,2020-12-02 00:00:00,Mars_K,135756.4056
1879,2020-12-02 00:00:00,FastClear_K,0.0
1880,2020-12-02 00:00:00,Cookie_K,2186.399817
1881,2020-12-02 00:00:00,Poseidon_K,17119.15696
1882,2020-12-02 00:00:00,Ares_K,21442.85513
1883,2020-12-02 00:00:00,Walk_K,0.0
1884,2020-12-02 00:00:00,DogRaise_K,16977.60393
1885,2020-12-02 00:00:00,PrivacyPowerPro_K,10393.36329
1886,2020-12-02 00:00:00,Athena,10985.92991
1887,2020-12-02 00:00:00,Space_K,57452.89731
1888,2020-12-02 00:00:00,River_K,3.281699951
1889,2020-12-02 00:00:00,Optimizer_K,6339.038173
1890,2020-12-02 00:00:00,Normandy_K,9270.126855
1891,2020-12-02 00:00:00,500_K,1319.588898
1892,2020-12-02 00:00:00,Apollo_K,189106.0536
1893,2020-12-03 00:00:00,FastClear_K,0.0
1894,2020-12-03 00:00:00,LuckyDog_K,5048.40071
1895,2020-12-03 00:00:00,RunFast_K,29297.79747
1896,2020-12-03 00:00:00,Ares_K,16711.19082
1897,2020-12-03 00:00:00,Poseidon_K,15223.03934
1898,2020-12-03 00:00:00,Cookie_K,2407.067473
1899,2020-12-03 00:00:00,Amber_K,0.0
1900,2020-12-03 00:00:00,Mars_K,112179.8306
1901,2020-12-03 00:00:00,Apollo_K,209860.5876
1902,2020-12-03 00:00:00,ColorPhone_K,27304.657710000003
1903,2020-12-03 00:00:00,Athena,8253.173417
1904,2020-12-03 00:00:00,Rat_K,47795.80728
1905,2020-12-03 00:00:00,DogRaise_K,11146.2882
1906,2020-12-03 00:00:00,PrivacyPowerPro_K,6443.681737
1907,2020-12-03 00:00:00,500_K,1230.281485
1908,2020-12-03 00:00:00,River_K,10.79578511
1909,2020-12-03 00:00:00,Space_K,45428.81075
1910,2020-12-03 00:00:00,Normandy_K,9094.749915
1911,2020-12-03 00:00:00,Optimizer_K,7510.474563
1912,2020-12-03 00:00:00,Walk_K,0.0
1913,2020-12-04 00:00:00,PrivacyPowerPro_K,1224.651477
1914,2020-12-04 00:00:00,FastClear_K,0.0
1915,2020-12-04 00:00:00,Optimizer_K,3663.240804
1916,2020-12-04 00:00:00,Walk_K,0.0
1917,2020-12-04 00:00:00,Mars_K,118436.8284
1918,2020-12-04 00:00:00,Rat_K,49172.02591
1919,2020-12-04 00:00:00,Athena,6878.773845999999
1920,2020-12-04 00:00:00,ColorPhone_K,17458.469530000002
1921,2020-12-04 00:00:00,River_K,4989.358627000001
1922,2020-12-04 00:00:00,RunFast_K,47080.80711
1923,2020-12-04 00:00:00,Ares_K,8751.521336
1924,2020-12-04 00:00:00,Cookie_K,4667.481361
1925,2020-12-04 00:00:00,LuckyDog_K,5661.010088
1926,2020-12-04 00:00:00,Space_K,43866.14238000001
1927,2020-12-04 00:00:00,Poseidon_K,15003.83115
1928,2020-12-04 00:00:00,500_K,2699.801541
1929,2020-12-04 00:00:00,Apollo_K,206491.4745
1930,2020-12-04 00:00:00,Amber_K,0.0
1931,2020-12-04 00:00:00,DogRaise_K,14712.95158
1932,2020-12-04 00:00:00,Normandy_K,9049.10587
1933,2020-12-05 00:00:00,Athena,7997.687179
1934,2020-12-05 00:00:00,Mars_K,110609.6356
1935,2020-12-05 00:00:00,Space_K,33754.75456
1936,2020-12-05 00:00:00,Walk_K,0.0
1937,2020-12-05 00:00:00,Amber_K,2.286059961
1938,2020-12-05 00:00:00,FastClear_K,0.0
1939,2020-12-05 00:00:00,PrivacyPowerPro_K,0.130631997
1940,2020-12-05 00:00:00,Apollo_K,189761.0184
1941,2020-12-05 00:00:00,Optimizer_K,8896.385355
1942,2020-12-05 00:00:00,500_K,9121.213397
1943,2020-12-05 00:00:00,Poseidon_K,13745.06326
1944,2020-12-05 00:00:00,DogRaise_K,14726.473419999998
1945,2020-12-05 00:00:00,Normandy_K,10103.83418
1946,2020-12-05 00:00:00,ColorPhone_K,28828.76607
1947,2020-12-05 00:00:00,RunFast_K,49982.82486
1948,2020-12-05 00:00:00,Cookie_K,15645.68384
1949,2020-12-05 00:00:00,LuckyDog_K,6493.3091479999985
1950,2020-12-05 00:00:00,River_K,2470.316419
1951,2020-12-05 00:00:00,Ares_K,9517.36489
1952,2020-12-05 00:00:00,Rat_K,50736.76299
1953,2020-12-06 00:00:00,FastClear_K,0.0
1954,2020-12-06 00:00:00,ColorPhone_K,30851.316810000004
1955,2020-12-06 00:00:00,Walk_K,0.0
1956,2020-12-06 00:00:00,Mars_K,105478.2342
1957,2020-12-06 00:00:00,Optimizer_K,5484.382727
1958,2020-12-06 00:00:00,Cookie_K,10600.59092
1959,2020-12-06 00:00:00,Apollo_K,147983.6288
1960,2020-12-06 00:00:00,Space_K,22802.49453
1961,2020-12-06 00:00:00,Athena,12679.73294
1962,2020-12-06 00:00:00,DogRaise_K,19691.01665
1963,2020-12-06 00:00:00,500_K,8495.868144
1964,2020-12-06 00:00:00,River_K,3012.047322
1965,2020-12-06 00:00:00,LuckyDog_K,7849.515998000003
1966,2020-12-06 00:00:00,Amber_K,5.747807969
1967,2020-12-06 00:00:00,Rat_K,49986.0605
1968,2020-12-06 00:00:00,Normandy_K,11467.13178
1969,2020-12-06 00:00:00,Ares_K,6074.516606
1970,2020-12-06 00:00:00,RunFast_K,48085.29688
1971,2020-12-06 00:00:00,PrivacyPowerPro_K,0.0
1972,2020-12-06 00:00:00,Poseidon_K,12693.44825
1973,2020-12-07 00:00:00,Cookie_K,2304.88
1974,2020-12-07 00:00:00,Rat_K,46434.4
1975,2020-12-07 00:00:00,Walk_K,0.0
1976,2020-12-07 00:00:00,Mars_K,97959.59
1977,2020-12-07 00:00:00,Athena,11022.35
1978,2020-12-07 00:00:00,ColorPhone_K,20066.12
1979,2020-12-07 00:00:00,FastClear_K,0.0
1980,2020-12-07 00:00:00,Optimizer_K,6330.38
1981,2020-12-07 00:00:00,River_K,7329.87
1982,2020-12-07 00:00:00,RunFast_K,48997.76
1983,2020-12-07 00:00:00,Normandy_K,9495.9
1984,2020-12-07 00:00:00,Apollo_K,176132.487
1985,2020-12-07 00:00:00,500_K,956.39
1986,2020-12-07 00:00:00,Space_K,19413.26326
1987,2020-12-07 00:00:00,Amber_K,0.0
1988,2020-12-07 00:00:00,Ares_K,2807.94
1989,2020-12-07 00:00:00,Poseidon_K,12404.37
1990,2020-12-07 00:00:00,DogRaise_K,31282.4
1991,2020-12-07 00:00:00,LuckyDog_K,7918.67
1992,2020-12-07 00:00:00,PrivacyPowerPro_K,0.0
1993,2020-12-08 00:00:00,RunFast_K,36973.78
1994,2020-12-08 00:00:00,Apollo_K,164966.263
1995,2020-12-08 00:00:00,DogRaise_K,32600.39
1996,2020-12-08 00:00:00,FastClear_K,0.0
1997,2020-12-08 00:00:00,Ares_K,0.0
1998,2020-12-08 00:00:00,LuckyDog_K,7982.63
1999,2020-12-08 00:00:00,Athena,8058.38
2000,2020-12-08 00:00:00,Poseidon_K,6647.82
2001,2020-12-08 00:00:00,Rat_K,46863.8
2002,2020-12-08 00:00:00,PrivacyPowerPro_K,0.0
2003,2020-12-08 00:00:00,ColorPhone_K,20906.15
2004,2020-12-08 00:00:00,River_K,4045.89
2005,2020-12-08 00:00:00,Optimizer_K,6588.64
2006,2020-12-08 00:00:00,Normandy_K,12953.85
2007,2020-12-08 00:00:00,Mars_K,94736.39
2008,2020-12-08 00:00:00,Cookie_K,1694.62
2009,2020-12-08 00:00:00,Amber_K,0.0
2010,2020-12-08 00:00:00,500_K,812.28
2011,2020-12-08 00:00:00,Walk_K,0.0
2012,2020-12-08 00:00:00,Space_K,17305.08386
2013,2020-12-09 00:00:00,Cookie_K,2042.0899999999976
2014,2020-12-09 00:00:00,DogRaise_K,20846.03999999991
2015,2020-12-09 00:00:00,Optimizer_K,5924.119999999964
2016,2020-12-09 00:00:00,Normandy_K,11076.819999999929
2017,2020-12-09 00:00:00,PrivacyPowerPro_K,0.0
2018,2020-12-09 00:00:00,FastClear_K,0.0
2019,2020-12-09 00:00:00,Apollo_K,153925.19499999352
2020,2020-12-09 00:00:00,Mars_K,93899.75000000132
2021,2020-12-09 00:00:00,500_K,616.2700000000002
2022,2020-12-09 00:00:00,River_K,4433.979999999996
2023,2020-12-09 00:00:00,LuckyDog_K,4631.8100000000095
2024,2020-12-09 00:00:00,Walk_K,0.0
2025,2020-12-09 00:00:00,ColorPhone_K,17914.480000000156
2026,2020-12-09 00:00:00,Poseidon_K,6973.509999999987
2027,2020-12-09 00:00:00,Amber_K,0.0
2028,2020-12-09 00:00:00,RunFast_K,51999.999999997526
2029,2020-12-09 00:00:00,Space_K,6054.388160505706
2030,2020-12-09 00:00:00,Ares_K,7315.330000000008
2031,2020-12-09 00:00:00,Athena,9270.640000000003
2032,2020-12-09 00:00:00,Rat_K,41312.3899999996
0,2020-12-10 00:00:00,River_K,1057.1800000000003
22,2020-12-10 00:00:00,Rat_K,30887.179999999746
21,2020-12-10 00:00:00,PrivacyPowerPro_K,0.0
17,2020-12-10 00:00:00,Cookie_K,2335.290000000001
16,2020-12-10 00:00:00,Optimizer_K,5587.679999999991
15,2020-12-10 00:00:00,DogRaise_K,22691.15999999993
13,2020-12-10 00:00:00,FastClear_K,0.0
12,2020-12-10 00:00:00,RunFast_K,36999.999999999876
11,2020-12-10 00:00:00,Normandy_K,10273.4509481102
10,2020-12-10 00:00:00,Amber_K,0.0
8,2020-12-10 00:00:00,Athena,7759.64999999998
7,2020-12-10 00:00:00,Ares_K,999.9999999999997
6,2020-12-10 00:00:00,ColorPhone_K,17238.37999999986
5,2020-12-10 00:00:00,LuckyDog_K,0.0
4,2020-12-10 00:00:00,Walk_K,0.0
3,2020-12-10 00:00:00,Mars_K,82248.14296193415
2,2020-12-10 00:00:00,500_K,736.1199999999994
1,2020-12-10 00:00:00,Poseidon_K,8086.289672826644
24,2020-12-10 00:00:00,Space_K,16861.787945155964
25,2020-12-10 00:00:00,Apollo_K,134749.4026973107
