,date,app,pay
0,2020-08-01,PrivacyPowerPro_K,1.0
1,2020-08-01,Walk_K,1477.5
2,2020-08-01,Rat_K,488.4000000000012
3,2020-08-01,Normandy_K,0.0
4,2020-08-01,Mars_K,7529.200000000003
5,2020-08-01,FastClear_K,1182.0
6,2020-08-01,DogRaise_K,377.0
7,2020-08-01,Amber_K,170.8999999999997
8,2020-08-02,PrivacyPowerPro_K,3.0
9,2020-08-02,Walk_K,1515.0
10,2020-08-02,Rat_K,517.8000000000013
11,2020-08-02,Normandy_K,0.0
12,2020-08-02,Mars_K,7433.400000000002
13,2020-08-02,FastClear_K,1155.5
14,2020-08-02,DogRaise_K,427.0
15,2020-08-02,Amber_K,127.99999999999987
16,2020-08-03,Amber_K,119.5999999999998
17,2020-08-03,DogRaise_K,360.0
18,2020-08-03,FastClear_K,1140.1
19,2020-08-03,Mars_K,7609.900000000005
20,2020-08-03,Normandy_K,0.0
21,2020-08-03,Rat_K,539.0000000000008
22,2020-08-03,Walk_K,1445.5
23,2020-08-03,PrivacyPowerPro_K,3.0
24,2020-08-04,Amber_K,145.49999999999974
25,2020-08-04,Walk_K,1203.5
26,2020-08-04,Rat_K,533.0000000000003
27,2020-08-04,Normandy_K,0.0
28,2020-08-04,Mars_K,7371.300000000002
29,2020-08-04,FastClear_K,1285.2999999999995
30,2020-08-04,DogRaise_K,352.0
31,2020-08-04,PrivacyPowerPro_K,1.0
32,2020-08-05,Walk_K,1233.5
33,2020-08-05,Rat_K,531.0000000000006
34,2020-08-05,Mars_K,7293.500000000004
35,2020-08-05,Normandy_K,0.0
36,2020-08-05,FastClear_K,1246.8000000000004
37,2020-08-05,DogRaise_K,350.0
38,2020-08-05,Amber_K,139.39999999999978
39,2020-08-05,PrivacyPowerPro_K,5.0
40,2020-08-06,Rat_K,585.8000000000006
41,2020-08-06,PrivacyPowerPro_K,0.0
42,2020-08-06,Walk_K,1139.0
43,2020-08-06,Normandy_K,0.0
44,2020-08-06,DogRaise_K,448.0
45,2020-08-06,Amber_K,119.99999999999987
46,2020-08-06,Mars_K,8240.400000000003
47,2020-08-06,FastClear_K,1347.6
48,2020-08-07,Walk_K,1000.0
49,2020-08-07,Normandy_K,0.0
50,2020-08-07,Rat_K,609.9000000000008
51,2020-08-07,DogRaise_K,460.0
52,2020-08-07,Amber_K,113.6999999999999
53,2020-08-07,FastClear_K,1378.6999999999994
54,2020-08-07,PrivacyPowerPro_K,0.0
55,2020-08-07,Mars_K,7483.500000000003
56,2020-08-08,Amber_K,127.49999999999982
57,2020-08-08,DogRaise_K,456.0
58,2020-08-08,FastClear_K,1346.9
59,2020-08-08,Mars_K,8230.500000000004
60,2020-08-08,Normandy_K,0.0
61,2020-08-08,Rat_K,635.5000000000011
62,2020-08-08,Walk_K,1175.5
63,2020-08-08,PrivacyPowerPro_K,6.0
64,2020-08-09,Walk_K,972.0
65,2020-08-09,PrivacyPowerPro_K,0.0
66,2020-08-09,Rat_K,528.0000000000006
67,2020-08-09,Normandy_K,0.0
68,2020-08-09,Mars_K,7339.200000000003
69,2020-08-09,DogRaise_K,521.0
70,2020-08-09,Amber_K,111.59999999999987
71,2020-08-09,FastClear_K,922.8
72,2020-08-10,PrivacyPowerPro_K,6.0
73,2020-08-10,Walk_K,1025.0
74,2020-08-10,Rat_K,594.8000000000002
75,2020-08-10,Normandy_K,0.0
76,2020-08-10,Mars_K,8390.200000000003
77,2020-08-10,FastClear_K,845.3
78,2020-08-10,DogRaise_K,474.0
79,2020-08-10,Amber_K,122.5999999999998
80,2020-08-11,PrivacyPowerPro_K,3.0
81,2020-08-11,Rat_K,560.7000000000002
82,2020-08-11,Walk_K,1050.0
83,2020-08-11,Normandy_K,0.0
84,2020-08-11,FastClear_K,850.5
85,2020-08-11,Mars_K,8115.800000000004
86,2020-08-11,DogRaise_K,489.0
87,2020-08-11,Amber_K,110.49999999999987
88,2020-08-13,Amber_K,121.79999999999978
89,2020-08-13,DogRaise_K,468.0
90,2020-08-13,FastClear_K,886.4000000000003
91,2020-08-13,Mars_K,7935.000000000003
92,2020-08-13,PrivacyPowerPro_K,3.0
93,2020-08-13,Normandy_K,0.0
94,2020-08-13,Rat_K,527.0
95,2020-08-13,Walk_K,978.0
96,2020-08-14,Mars_K,9032.800000000003
97,2020-08-14,PrivacyPowerPro_K,5.0
98,2020-08-14,Rat_K,595.6000000000001
99,2020-08-14,DogRaise_K,465.0
100,2020-08-14,Amber_K,117.49999999999993
101,2020-08-14,FastClear_K,1050.6
102,2020-08-14,Normandy_K,0.0
103,2020-08-14,Walk_K,968.0
104,2020-08-15,Amber_K,115.79999999999987
105,2020-08-15,DogRaise_K,365.0
106,2020-08-15,FastClear_K,1081.5
107,2020-08-15,Mars_K,8216.000000000004
108,2020-08-15,Normandy_K,0.0
109,2020-08-15,Rat_K,530.7
110,2020-08-15,Walk_K,981.0
111,2020-08-15,PrivacyPowerPro_K,3.0
112,2020-08-16,Walk_K,891.0
113,2020-08-16,DogRaise_K,291.0
114,2020-08-16,Rat_K,439.20000000000016
115,2020-08-16,FastClear_K,1196.5
116,2020-08-16,Mars_K,10005.900000000003
117,2020-08-16,Amber_K,109.4999999999999
118,2020-08-16,PrivacyPowerPro_K,0.0
119,2020-08-16,Normandy_K,0.0
120,2020-08-17,Amber_K,110.99999999999993
121,2020-08-17,DogRaise_K,426.0
122,2020-08-17,FastClear_K,1407.5
123,2020-08-17,Mars_K,10827.300000000003
124,2020-08-17,Normandy_K,0.0
125,2020-08-17,Rat_K,434.7
126,2020-08-17,Walk_K,942.0
127,2020-08-17,PrivacyPowerPro_K,1.0
128,2020-08-18,Normandy_K,0.0
129,2020-08-18,PrivacyPowerPro_K,0.0
130,2020-08-18,FastClear_K,1282.5
131,2020-08-18,Walk_K,880.5
132,2020-08-18,DogRaise_K,481.0
133,2020-08-18,Amber_K,121.2999999999999
134,2020-08-18,Mars_K,11039.500000000005
135,2020-08-18,Rat_K,419.0
136,2020-08-19,Amber_K,110.89999999999986
137,2020-08-19,DogRaise_K,457.0
138,2020-08-19,FastClear_K,1447.8
139,2020-08-19,Mars_K,8886.800000000003
140,2020-08-19,Normandy_K,0.0
141,2020-08-19,Rat_K,470.7
142,2020-08-19,Walk_K,870.0
143,2020-08-19,PrivacyPowerPro_K,6.0
144,2020-08-20,PrivacyPowerPro_K,0.0
145,2020-08-20,Walk_K,928.0
146,2020-08-20,Rat_K,427.5
147,2020-08-20,Normandy_K,0.0
148,2020-08-20,Mars_K,10079.700000000004
149,2020-08-20,FastClear_K,1442.3000000000006
150,2020-08-20,Amber_K,111.09999999999985
151,2020-08-20,DogRaise_K,413.0
152,2020-08-21,PrivacyPowerPro_K,0.0
153,2020-08-21,Walk_K,873.0
154,2020-08-21,Rat_K,470.5
155,2020-08-21,Normandy_K,0.0
156,2020-08-21,Mars_K,9667.700000000004
157,2020-08-21,FastClear_K,1516.3
158,2020-08-21,DogRaise_K,423.0
159,2020-08-21,Amber_K,121.99999999999984
160,2020-08-22,DogRaise_K,439.0
161,2020-08-22,PrivacyPowerPro_K,4.0
162,2020-08-22,Rat_K,475.6
163,2020-08-22,Mars_K,3995.7
164,2020-08-22,Amber_K,118.69999999999986
165,2020-08-22,FastClear_K,1657.6
166,2020-08-22,Normandy_K,0.0
167,2020-08-22,Walk_K,835.5
168,2020-08-23,Walk_K,831.0
169,2020-08-23,PrivacyPowerPro_K,0.0
170,2020-08-23,Amber_K,124.49999999999977
171,2020-08-23,DogRaise_K,537.0
172,2020-08-23,FastClear_K,1795.6
173,2020-08-23,Normandy_K,0.0
174,2020-08-23,Rat_K,482.70000000000016
175,2020-08-24,Normandy_K,0.0
176,2020-08-24,PrivacyPowerPro_K,4.0
177,2020-08-24,Walk_K,837.0
178,2020-08-24,Rat_K,535.6000000000001
179,2020-08-24,FastClear_K,1882.2
180,2020-08-24,Amber_K,144.69999999999976
181,2020-08-24,DogRaise_K,589.0
182,2020-08-24,Mars_K,24379.39999999999
183,2020-08-25,Amber_K,133.39999999999978
184,2020-08-25,DogRaise_K,576.0
185,2020-08-25,FastClear_K,1662.3
186,2020-08-25,Mars_K,9688.0
187,2020-08-25,Normandy_K,0.0
188,2020-08-25,Rat_K,445.80000000000007
189,2020-08-25,Walk_K,776.3
190,2020-08-25,PrivacyPowerPro_K,1.0
191,2020-08-26,Normandy_K,0.0
192,2020-08-26,PrivacyPowerPro_K,3.0
193,2020-08-26,Walk_K,851.0
194,2020-08-26,Rat_K,523.2
195,2020-08-26,DogRaise_K,614.0
196,2020-08-26,Amber_K,124.19999999999979
197,2020-08-26,Mars_K,10905.900000000003
198,2020-08-26,FastClear_K,1718.5
199,2020-08-27,FastClear_K,1669.9
200,2020-08-27,Mars_K,9883.300000000003
201,2020-08-27,Normandy_K,0.0
202,2020-08-27,Amber_K,142.79999999999978
203,2020-08-27,DogRaise_K,628.0
204,2020-08-27,Rat_K,522.1
205,2020-08-27,Walk_K,754.5000000000003
206,2020-08-27,PrivacyPowerPro_K,0.0
207,2020-08-28,Walk_K,772.3000000000008
208,2020-08-28,PrivacyPowerPro_K,0.0
209,2020-08-28,Amber_K,159.9999999999996
210,2020-08-28,Rat_K,447.5
211,2020-08-28,DogRaise_K,746.0
212,2020-08-28,Mars_K,10092.200000000004
213,2020-08-28,Normandy_K,0.0
214,2020-08-28,FastClear_K,1668.6
215,2020-08-29,Walk_K,685.8000000000012
216,2020-08-29,Rat_K,509.0
217,2020-08-29,Mars_K,9201.000000000004
218,2020-08-29,Normandy_K,0.0
219,2020-08-29,FastClear_K,1796.6
220,2020-08-29,DogRaise_K,773.0
221,2020-08-29,Amber_K,147.09999999999962
222,2020-08-29,PrivacyPowerPro_K,0.0
223,2020-08-30,Amber_K,159.19999999999962
224,2020-08-30,DogRaise_K,716.0
225,2020-08-30,FastClear_K,1851.1
226,2020-08-30,Mars_K,12616.100000000004
227,2020-08-30,Normandy_K,0.0
228,2020-08-30,Rat_K,487.1
229,2020-08-30,Walk_K,643.1000000000015
230,2020-08-30,PrivacyPowerPro_K,4.0
231,2020-08-31,PrivacyPowerPro_K,1.0
232,2020-08-31,Walk_K,646.4000000000018
233,2020-08-31,Normandy_K,0.0
234,2020-08-31,Rat_K,401.5
235,2020-08-31,FastClear_K,1956.8
236,2020-08-31,Mars_K,10154.100000000002
237,2020-08-31,Amber_K,151.99999999999963
238,2020-08-31,DogRaise_K,696.0
239,2020-09-01,Amber_K,149.49999999999966
240,2020-09-01,DogRaise_K,836.0
241,2020-09-01,FastClear_K,2109.7
242,2020-09-01,Mars_K,8877.800000000001
243,2020-09-01,Normandy_K,0.0
244,2020-09-01,Rat_K,367.5
245,2020-09-01,Walk_K,629.5000000000014
246,2020-09-01,PrivacyPowerPro_K,4.0
247,2020-09-02,PrivacyPowerPro_K,1.0
248,2020-09-02,Walk_K,481.3000000000012
249,2020-09-02,Rat_K,612.7
250,2020-09-02,Normandy_K,0.0
251,2020-09-02,Mars_K,10294.600000000002
252,2020-09-02,FastClear_K,2220.3
253,2020-09-02,DogRaise_K,1927.0
254,2020-09-02,Amber_K,157.3999999999997
255,2020-09-03,Amber_K,152.3999999999997
256,2020-09-03,DogRaise_K,1876.0
257,2020-09-03,FastClear_K,2111.1
258,2020-09-03,Mars_K,9005.5
259,2020-09-03,Normandy_K,0.0
260,2020-09-03,Rat_K,1295.3
261,2020-09-03,Walk_K,473.20000000000135
262,2020-09-03,PrivacyPowerPro_K,3.0
263,2020-09-05,PrivacyPowerPro_K,3.0
264,2020-09-05,Walk_K,604.6000000000024
265,2020-09-05,Rat_K,399.6
266,2020-09-05,Normandy_K,0.0
267,2020-09-05,Mars_K,8707.2
268,2020-09-05,FastClear_K,2021.8
269,2020-09-05,DogRaise_K,824.0
270,2020-09-05,Amber_K,137.89999999999978
271,2020-09-06,Amber_K,134.29999999999978
272,2020-09-06,DogRaise_K,814.0
273,2020-09-06,FastClear_K,2012.0
274,2020-09-06,Mars_K,8870.000000000002
275,2020-09-06,Normandy_K,0.0
276,2020-09-06,Rat_K,407.8
277,2020-09-06,Walk_K,764.5000000000055
278,2020-09-06,PrivacyPowerPro_K,3.0
279,2020-09-07,Normandy_K,0.0
280,2020-09-07,PrivacyPowerPro_K,1.0
281,2020-09-07,Walk_K,764.0000000000067
282,2020-09-07,Rat_K,416.3
283,2020-09-07,DogRaise_K,721.0
284,2020-09-07,Amber_K,131.5999999999998
285,2020-09-07,Mars_K,8797.100000000002
286,2020-09-07,FastClear_K,1999.5
287,2020-09-08,FastClear_K,2160.0
288,2020-09-08,Mars_K,12857.600000000002
289,2020-09-08,Normandy_K,0.0
290,2020-09-08,Amber_K,117.89999999999986
291,2020-09-08,DogRaise_K,812.0
292,2020-09-08,Rat_K,398.0
293,2020-09-08,Walk_K,750.6000000000067
294,2020-09-08,PrivacyPowerPro_K,0.0
295,2020-09-09,Walk_K,761.4000000000062
296,2020-09-09,PrivacyPowerPro_K,0.0
297,2020-09-09,Amber_K,132.1999999999997
298,2020-09-09,Rat_K,304.8
299,2020-09-09,DogRaise_K,714.0
300,2020-09-09,Mars_K,9502.2
301,2020-09-09,Normandy_K,0.0
302,2020-09-09,FastClear_K,2164.0
303,2020-09-10,Walk_K,792.9000000000062
304,2020-09-10,Rat_K,304.8
305,2020-09-10,Mars_K,12156.9
306,2020-09-10,Normandy_K,0.0
307,2020-09-10,FastClear_K,2023.5
308,2020-09-10,DogRaise_K,706.0
309,2020-09-10,Amber_K,152.6999999999997
310,2020-09-10,PrivacyPowerPro_K,0.0
311,2020-09-11,Rat_K,312.4
312,2020-09-11,PrivacyPowerPro_K,0.0
313,2020-09-11,Walk_K,780.4000000000049
314,2020-09-11,Normandy_K,0.0
315,2020-09-11,DogRaise_K,674.0
316,2020-09-11,Amber_K,133.69999999999976
317,2020-09-11,Mars_K,9459.8
318,2020-09-11,FastClear_K,2033.0
319,2020-09-12,Walk_K,748.4000000000032
320,2020-09-12,PrivacyPowerPro_K,0.0
321,2020-09-12,Rat_K,340.3
322,2020-09-12,Mars_K,9488.100000000002
323,2020-09-12,Normandy_K,0.0
324,2020-09-12,Amber_K,138.29999999999984
325,2020-09-12,FastClear_K,1964.3
326,2020-09-12,DogRaise_K,661.0
327,2020-09-13,Amber_K,144.09999999999985
328,2020-09-13,DogRaise_K,633.0
329,2020-09-13,FastClear_K,1890.0
330,2020-09-13,Mars_K,9201.6
331,2020-09-13,PrivacyPowerPro_K,0.0
332,2020-09-13,Normandy_K,0.0
333,2020-09-13,Rat_K,319.3
334,2020-09-13,Walk_K,1012.5000000000057
335,2020-09-14,Walk_K,966.8000000000038
336,2020-09-14,Rat_K,309.0
337,2020-09-14,PrivacyPowerPro_K,0.0
338,2020-09-14,Normandy_K,0.0
339,2020-09-14,DogRaise_K,572.0
340,2020-09-14,Mars_K,13999.9
341,2020-09-14,FastClear_K,1793.5
342,2020-09-14,Amber_K,146.2999999999999
343,2020-09-15,Amber_K,205.49999999999991
344,2020-09-15,DogRaise_K,645.0
345,2020-09-15,FastClear_K,1732.5
346,2020-09-15,Mars_K,9751.1
347,2020-09-15,Normandy_K,0.0
348,2020-09-15,Rat_K,336.3
349,2020-09-15,Walk_K,1054.600000000003
350,2020-09-15,PrivacyPowerPro_K,0.0
351,2020-09-16,Walk_K,1132.6000000000022
352,2020-09-16,FastClear_K,1881.3
353,2020-09-16,Amber_K,240.79999999999995
354,2020-09-16,Normandy_K,0.0
355,2020-09-16,Rat_K,360.7
356,2020-09-16,PrivacyPowerPro_K,0.0
357,2020-09-16,Mars_K,12431.100000000002
358,2020-09-16,DogRaise_K,632.0
359,2020-09-17,Amber_K,282.3999999999998
360,2020-09-17,DogRaise_K,661.0
361,2020-09-17,FastClear_K,1724.5
362,2020-09-17,Mars_K,10886.500000000002
363,2020-09-17,Normandy_K,0.0
364,2020-09-17,Rat_K,259.3
365,2020-09-17,Walk_K,1092.6000000000051
366,2020-09-17,PrivacyPowerPro_K,0.0
367,2020-09-18,Normandy_K,0.0
368,2020-09-18,PrivacyPowerPro_K,0.0
369,2020-09-18,Rat_K,254.2
370,2020-09-18,DogRaise_K,621.0
371,2020-09-18,FastClear_K,1786.5
372,2020-09-18,Amber_K,211.99999999999991
373,2020-09-18,Mars_K,14520.9
374,2020-09-18,Walk_K,1064.0000000000057
375,2020-09-19,Rat_K,282.1
376,2020-09-19,PrivacyPowerPro_K,0.0
377,2020-09-19,Walk_K,913.8000000000073
378,2020-09-19,Normandy_K,0.0
379,2020-09-19,DogRaise_K,621.0
380,2020-09-19,Amber_K,224.99999999999991
381,2020-09-19,Mars_K,12305.300000000005
382,2020-09-19,FastClear_K,1884.0
383,2020-09-20,Walk_K,837.5000000000048
384,2020-09-20,PrivacyPowerPro_K,0.0
385,2020-09-20,Mars_K,12962.3
386,2020-09-20,Normandy_K,0.0
387,2020-09-20,Rat_K,354.0
388,2020-09-20,DogRaise_K,613.0
389,2020-09-20,Amber_K,218.6
390,2020-09-20,FastClear_K,1744.0
391,2020-09-21,Normandy_K,0.0
392,2020-09-21,PrivacyPowerPro_K,0.0
393,2020-09-21,Walk_K,828.0000000000043
394,2020-09-21,Rat_K,307.9
395,2020-09-21,DogRaise_K,520.0
396,2020-09-21,Amber_K,210.29999999999995
397,2020-09-21,Mars_K,17485.5
398,2020-09-21,FastClear_K,1774.6
399,2020-09-22,Walk_K,684.0000000000033
400,2020-09-22,Rat_K,401.3
401,2020-09-22,PrivacyPowerPro_K,0.0
402,2020-09-22,Normandy_K,0.0
403,2020-09-22,Amber_K,176.99999999999997
404,2020-09-22,Mars_K,15387.9
405,2020-09-22,FastClear_K,1696.0
406,2020-09-22,DogRaise_K,552.0
407,2020-09-23,Rat_K,457.8
408,2020-09-23,Walk_K,632.2000000000032
409,2020-09-23,PrivacyPowerPro_K,0.0
410,2020-09-23,Amber_K,141.89999999999995
411,2020-09-23,DogRaise_K,582.0
412,2020-09-23,FastClear_K,1696.8
413,2020-09-23,Mars_K,12825.7
414,2020-09-23,Normandy_K,0.0
415,2020-09-24,Rat_K,476.5
416,2020-09-24,PrivacyPowerPro_K,0.0
417,2020-09-24,Walk_K,556.1000000000023
418,2020-09-24,Normandy_K,5.0
419,2020-09-24,Mars_K,16136.100000000002
420,2020-09-24,FastClear_K,1622.8
421,2020-09-24,DogRaise_K,534.0
422,2020-09-24,Amber_K,141.79999999999995
423,2020-09-25,Amber_K,130.79999999999998
424,2020-09-25,DogRaise_K,591.0
425,2020-09-25,FastClear_K,1895.3
426,2020-09-25,Mars_K,12093.600000000002
427,2020-09-25,Normandy_K,0.0
428,2020-09-25,Rat_K,469.5
429,2020-09-25,Walk_K,544.0000000000019
430,2020-09-25,PrivacyPowerPro_K,0.0
431,2020-09-26,Walk_K,534.7000000000015
432,2020-09-26,Rat_K,466.6
433,2020-09-26,Normandy_K,0.0
434,2020-09-26,PrivacyPowerPro_K,0.0
435,2020-09-26,Amber_K,110.39999999999998
436,2020-09-26,Mars_K,12345.4
437,2020-09-26,FastClear_K,1769.1
438,2020-09-26,DogRaise_K,568.0
439,2020-09-27,Normandy_K,0.0
440,2020-09-27,Rat_K,344.3
441,2020-09-27,Walk_K,372.6000000000008
442,2020-09-27,Amber_K,77.29999999999998
443,2020-09-27,DogRaise_K,366.0
444,2020-09-27,FastClear_K,1242.5
445,2020-09-27,Mars_K,16089.5
446,2020-09-28,PrivacyPowerPro_K,0.0
447,2020-09-28,DogRaise_K,490.0
448,2020-09-28,Rat_K,452.6
449,2020-09-28,Mars_K,17728.300000000007
450,2020-09-28,Walk_K,470.6000000000015
451,2020-09-28,FastClear_K,1581.0
452,2020-09-28,Normandy_K,0.0
453,2020-09-28,Amber_K,106.59999999999992
454,2020-09-29,Walk_K,420.10000000000167
455,2020-09-29,Rat_K,470.5
456,2020-09-29,Normandy_K,0.0
457,2020-09-29,PrivacyPowerPro_K,0.0
458,2020-09-29,FastClear_K,1515.0
459,2020-09-29,DogRaise_K,515.0
460,2020-09-29,Amber_K,139.0999999999998
461,2020-09-29,Mars_K,12534.2
462,2020-09-30,Amber_K,127.79999999999978
463,2020-09-30,DogRaise_K,503.0
464,2020-09-30,FastClear_K,1447.0
465,2020-09-30,Mars_K,14946.6
466,2020-09-30,Normandy_K,0.0
467,2020-09-30,Rat_K,433.0
468,2020-09-30,Walk_K,402.9000000000017
469,2020-09-30,PrivacyPowerPro_K,0.0
470,2020-10-01,Walk_K,350.90000000000083
471,2020-10-01,Rat_K,393.5
472,2020-10-01,Normandy_K,0.0
473,2020-10-01,FastClear_K,1420.0
474,2020-10-01,Amber_K,118.79999999999984
475,2020-10-01,DogRaise_K,427.0
476,2020-10-01,Mars_K,13713.0
477,2020-10-01,PrivacyPowerPro_K,0.0
478,2020-10-02,FastClear_K,1384.0
479,2020-10-02,PrivacyPowerPro_K,0.0
480,2020-10-02,Amber_K,133.89999999999978
481,2020-10-02,Rat_K,446.2
482,2020-10-02,Walk_K,348.30000000000064
483,2020-10-02,Mars_K,18103.7
484,2020-10-02,Normandy_K,0.0
485,2020-10-02,DogRaise_K,566.0
486,2020-10-03,Amber_K,125.29999999999978
487,2020-10-03,DogRaise_K,524.0
488,2020-10-03,FastClear_K,1316.0
489,2020-10-03,Mars_K,15490.100000000002
490,2020-10-03,Normandy_K,0.0
491,2020-10-03,Rat_K,412.0
492,2020-10-03,Walk_K,297.0999999999998
493,2020-10-03,PrivacyPowerPro_K,0.0
494,2020-10-04,Normandy_K,0.0
495,2020-10-04,PrivacyPowerPro_K,0.0
496,2020-10-04,Walk_K,242.49999999999926
497,2020-10-04,Rat_K,370.0
498,2020-10-04,DogRaise_K,489.0
499,2020-10-04,Amber_K,142.69999999999982
500,2020-10-04,Mars_K,13279.700000000004
501,2020-10-04,FastClear_K,1511.0
502,2020-10-05,Amber_K,114.59999999999987
503,2020-10-05,DogRaise_K,485.0
504,2020-10-05,FastClear_K,1322.9
505,2020-10-05,Mars_K,15793.700000000004
506,2020-10-05,Normandy_K,0.0
507,2020-10-05,Rat_K,412.3
508,2020-10-05,Walk_K,306.80000000000007
509,2020-10-05,PrivacyPowerPro_K,0.0
510,2020-10-06,PrivacyPowerPro_K,0.0
511,2020-10-06,Normandy_K,0.0
512,2020-10-06,Rat_K,421.0
513,2020-10-06,Walk_K,276.29999999999967
514,2020-10-06,Amber_K,114.89999999999986
515,2020-10-06,Mars_K,13479.100000000002
516,2020-10-06,DogRaise_K,478.0
517,2020-10-06,FastClear_K,1280.5
518,2020-10-07,Amber_K,121.39999999999979
519,2020-10-07,DogRaise_K,458.0
520,2020-10-07,FastClear_K,1187.0
521,2020-10-07,Mars_K,19885.2
522,2020-10-07,Normandy_K,0.0
523,2020-10-07,Rat_K,457.3
524,2020-10-07,Walk_K,307.00000000000017
525,2020-10-07,PrivacyPowerPro_K,0.0
526,2020-10-08,Amber_K,131.09999999999985
527,2020-10-08,Normandy_K,0.0
528,2020-10-08,FastClear_K,1286.5
529,2020-10-08,Walk_K,281.6999999999996
530,2020-10-08,Mars_K,21128.1
531,2020-10-08,Rat_K,439.0
532,2020-10-08,DogRaise_K,564.0
533,2020-10-09,Mars_K,17268.5
534,2020-10-09,Normandy_K,0.0
535,2020-10-09,Rat_K,455.0
536,2020-10-09,Amber_K,110.2999999999999
537,2020-10-09,DogRaise_K,631.0
538,2020-10-09,FastClear_K,1242.8
539,2020-10-09,Walk_K,354.1000000000013
540,2020-10-10,Walk_K,343.7000000000013
541,2020-10-10,Mars_K,13963.3
542,2020-10-10,Amber_K,132.49999999999977
543,2020-10-10,Normandy_K,0.0
544,2020-10-10,FastClear_K,1354.5
545,2020-10-10,DogRaise_K,775.0
546,2020-10-10,Rat_K,484.5
547,2020-10-11,Rat_K,523.0
548,2020-10-11,Normandy_K,0.0
549,2020-10-11,FastClear_K,1194.0
550,2020-10-11,Mars_K,15862.2
551,2020-10-11,DogRaise_K,845.0
552,2020-10-11,Amber_K,124.29999999999978
553,2020-10-11,Walk_K,344.70000000000084
554,2020-10-12,Amber_K,141.7999999999998
555,2020-10-12,DogRaise_K,727.0
556,2020-10-12,FastClear_K,1302.8
557,2020-10-12,Mars_K,21900.0
558,2020-10-12,Normandy_K,0.0
559,2020-10-12,Rat_K,426.0
560,2020-10-12,Walk_K,334.5000000000004
561,2020-10-13,Walk_K,281.6999999999995
562,2020-10-13,Amber_K,132.79999999999984
563,2020-10-13,Normandy_K,0.0
564,2020-10-13,DogRaise_K,767.0
565,2020-10-13,FastClear_K,1335.3
566,2020-10-13,Mars_K,15098.6
567,2020-10-13,Rat_K,496.0
568,2020-10-14,Amber_K,141.19999999999976
569,2020-10-14,DogRaise_K,891.0
570,2020-10-14,FastClear_K,1191.0
571,2020-10-14,Mars_K,16564.300000000007
572,2020-10-14,Normandy_K,0.0
573,2020-10-14,Rat_K,460.5
574,2020-10-14,Walk_K,342.2000000000013
575,2020-10-15,Walk_K,342.80000000000075
576,2020-10-15,Amber_K,148.29999999999978
577,2020-10-15,Normandy_K,0.0
578,2020-10-15,DogRaise_K,812.0
579,2020-10-15,FastClear_K,1338.0
580,2020-10-15,Mars_K,20979.2
581,2020-10-15,Rat_K,475.9
582,2020-10-16,Amber_K,82.59999999999997
583,2020-10-16,DogRaise_K,783.0
584,2020-10-16,FastClear_K,1250.0
585,2020-10-16,Mars_K,13596.600000000002
586,2020-10-16,Normandy_K,0.0
587,2020-10-16,Rat_K,532.0
588,2020-10-16,Walk_K,137.19999999999965
589,2020-10-16,Poseidon_K,61.0
590,2020-10-17,Rat_K,513.0
591,2020-10-17,Poseidon_K,1964.0
592,2020-10-17,Walk_K,0.0
593,2020-10-17,Normandy_K,0.0
594,2020-10-17,DogRaise_K,796.0
595,2020-10-17,Mars_K,15971.4
596,2020-10-17,FastClear_K,1175.5
597,2020-10-18,DogRaise_K,757.0
598,2020-10-18,FastClear_K,1061.0
599,2020-10-18,Mars_K,13393.500000000002
600,2020-10-18,Normandy_K,0.0
601,2020-10-18,Rat_K,503.0
602,2020-10-18,Walk_K,0.0
603,2020-10-18,Poseidon_K,1532.0
604,2020-10-19,Walk_K,0.0
605,2020-10-19,Rat_K,525.5
606,2020-10-19,Poseidon_K,2453.0
607,2020-10-19,Normandy_K,0.0
608,2020-10-19,DogRaise_K,747.0
609,2020-10-19,FastClear_K,1062.3
610,2020-10-19,Mars_K,31455.4
611,2020-10-20,Amber_K,192.6999999999996
612,2020-10-20,DogRaise_K,715.0
613,2020-10-20,FastClear_K,1070.0
614,2020-10-20,Mars_K,13981.8
615,2020-10-20,Normandy_K,0.0
616,2020-10-20,Poseidon_K,2685.0
617,2020-10-20,Rat_K,950.9
618,2020-10-20,Walk_K,79.8
619,2020-10-21,Walk_K,177.39999999999958
620,2020-10-21,Rat_K,1503.1
621,2020-10-21,Poseidon_K,4238.0
622,2020-10-21,Normandy_K,0.0
623,2020-10-21,Mars_K,24350.2
624,2020-10-21,FastClear_K,1037.0
625,2020-10-21,DogRaise_K,661.0
626,2020-10-21,Amber_K,164.8999999999996
627,2020-10-22,Amber_K,171.1999999999997
628,2020-10-22,DogRaise_K,713.0
629,2020-10-22,FastClear_K,996.0
630,2020-10-22,Mars_K,17277.300000000007
631,2020-10-22,Normandy_K,0.0
632,2020-10-22,Poseidon_K,4400.0
633,2020-10-22,Rat_K,2048.1
634,2020-10-22,Walk_K,223.39999999999912
635,2020-10-23,Normandy_K,0.0
636,2020-10-23,Walk_K,208.4999999999992
637,2020-10-23,Rat_K,2687.0
638,2020-10-23,Poseidon_K,5290.0
639,2020-10-23,DogRaise_K,1014.0
640,2020-10-23,Amber_K,152.79999999999973
641,2020-10-23,Mars_K,28032.2
642,2020-10-23,FastClear_K,954.0
643,2020-10-24,Amber_K,138.99999999999974
644,2020-10-24,DogRaise_K,1234.0
645,2020-10-24,FastClear_K,1151.5
646,2020-10-24,Mars_K,20145.5
647,2020-10-24,Normandy_K,0.0
648,2020-10-24,Poseidon_K,4553.0
649,2020-10-24,Rat_K,3733.4
650,2020-10-24,Walk_K,366.40000000000185
651,2020-10-25,DogRaise_K,1236.0
652,2020-10-25,FastClear_K,1034.5
653,2020-10-25,Mars_K,24109.7
654,2020-10-25,Walk_K,352.50000000000153
655,2020-10-25,Amber_K,149.8999999999996
656,2020-10-25,Normandy_K,0.0
657,2020-10-25,Poseidon_K,5391.0
658,2020-10-25,Rat_K,4244.6
659,2020-10-26,Poseidon_K,5118.0
660,2020-10-26,Rat_K,4705.9
661,2020-10-26,Walk_K,245.5999999999989
662,2020-10-26,Amber_K,150.59999999999974
663,2020-10-26,DogRaise_K,1288.0
664,2020-10-26,FastClear_K,1305.0
665,2020-10-26,Mars_K,21600.3
666,2020-10-26,Normandy_K,0.0
667,2020-10-27,Poseidon_K,7389.0
668,2020-10-27,Walk_K,290.39999999999964
669,2020-10-27,Rat_K,4548.9
670,2020-10-27,Normandy_K,0.0
671,2020-10-27,Mars_K,40148.5
672,2020-10-27,Amber_K,169.39999999999972
673,2020-10-27,FastClear_K,1009.0
674,2020-10-27,DogRaise_K,1301.0
675,2020-10-28,Amber_K,220.19999999999942
676,2020-10-28,DogRaise_K,1505.0
677,2020-10-28,FastClear_K,1017.0
678,2020-10-28,Mars_K,29681.3
679,2020-10-28,Normandy_K,0.0
680,2020-10-28,Poseidon_K,5333.0
681,2020-10-28,Rat_K,5322.9
682,2020-10-28,Walk_K,376.00000000000205
683,2020-10-29,Poseidon_K,7114.0
684,2020-10-29,Walk_K,763.4000000000133
685,2020-10-29,Normandy_K,0.0
686,2020-10-29,Rat_K,5182.1
687,2020-10-29,FastClear_K,1132.5
688,2020-10-29,Amber_K,203.19999999999948
689,2020-10-29,Mars_K,24638.1
690,2020-10-29,DogRaise_K,1337.0
691,2020-10-30,Poseidon_K,6114.0
692,2020-10-30,Walk_K,847.900000000016
693,2020-10-30,River_K,0.6
694,2020-10-30,Rat_K,5112.0
695,2020-10-30,Normandy_K,0.0
696,2020-10-30,DogRaise_K,1268.0
697,2020-10-30,Amber_K,202.1999999999996
698,2020-10-30,Mars_K,24903.3
699,2020-10-30,FastClear_K,1035.3
700,2020-10-31,River_K,3.2
701,2020-10-31,Rat_K,5348.1
702,2020-10-31,Poseidon_K,9214.0
703,2020-10-31,Walk_K,537.9000000000065
704,2020-10-31,DogRaise_K,1301.0
705,2020-10-31,Normandy_K,0.0
706,2020-10-31,FastClear_K,920.0
707,2020-10-31,Amber_K,205.6999999999996
708,2020-10-31,Mars_K,42514.99999999999
709,2020-11-01,Walk_K,512.9000000000055
710,2020-11-01,Rat_K,5251.3
711,2020-11-01,Poseidon_K,6614.0
712,2020-11-01,Normandy_K,0.0
713,2020-11-01,Mars_K,26475.5
714,2020-11-01,LuckyDog_K,153.0
715,2020-11-01,FastClear_K,1012.0
716,2020-11-01,DogRaise_K,1215.0
717,2020-11-01,Amber_K,192.99999999999957
718,2020-11-02,Normandy_K,0.0
719,2020-11-02,Walk_K,512.0000000000048
720,2020-11-02,Rat_K,4859.6
721,2020-11-02,Poseidon_K,6516.0
722,2020-11-02,Mars_K,38687.3
723,2020-11-02,LuckyDog_K,363.0
724,2020-11-02,FastClear_K,880.0
725,2020-11-02,DogRaise_K,1025.0
726,2020-11-02,Amber_K,206.79999999999959
727,2020-11-03,Rat_K,4614.3
728,2020-11-03,Normandy_K,0.0
729,2020-11-03,Walk_K,440.7000000000039
730,2020-11-03,LuckyDog_K,571.0
731,2020-11-03,Mars_K,28244.5
732,2020-11-03,DogRaise_K,1064.0
733,2020-11-03,Poseidon_K,6518.0
734,2020-11-03,Amber_K,181.49999999999974
735,2020-11-03,FastClear_K,823.0
736,2020-11-04,Walk_K,449.9000000000032
737,2020-11-04,River_K,0.3
738,2020-11-04,Rat_K,4531.9
739,2020-11-04,Poseidon_K,6670.0
740,2020-11-04,Normandy_K,0.0
741,2020-11-04,Mars_K,39557.8
742,2020-11-04,LuckyDog_K,713.0
743,2020-11-04,FastClear_K,772.5
744,2020-11-04,DogRaise_K,929.0
745,2020-11-04,Amber_K,160.69999999999982
746,2020-11-05,Normandy_K,0.0
747,2020-11-05,Walk_K,409.8000000000027
748,2020-11-05,River_K,41.1
749,2020-11-05,Rat_K,4315.5
750,2020-11-05,Poseidon_K,6434.0
751,2020-11-05,FastClear_K,793.0
752,2020-11-05,DogRaise_K,895.0
753,2020-11-05,Amber_K,154.8999999999998
754,2020-11-05,Mars_K,27267.0
755,2020-11-05,LuckyDog_K,954.0
756,2020-11-06,FastClear_K,833.0
757,2020-11-06,LuckyDog_K,1737.0
758,2020-11-06,Mars_K,24689.2
759,2020-11-06,Amber_K,126.19999999999992
760,2020-11-06,DogRaise_K,899.0
761,2020-11-06,Normandy_K,0.0
762,2020-11-06,Poseidon_K,6090.0
763,2020-11-06,Rat_K,4042.6
764,2020-11-06,River_K,70.0
765,2020-11-06,Walk_K,308.6
766,2020-11-07,Walk_K,314.1000000000003
767,2020-11-07,River_K,85.4
768,2020-11-07,Normandy_K,0.0
769,2020-11-07,Poseidon_K,5578.0
770,2020-11-07,Rat_K,3669.0
771,2020-11-07,FastClear_K,783.3
772,2020-11-07,DogRaise_K,902.0
773,2020-11-07,Mars_K,38260.7
774,2020-11-07,LuckyDog_K,2745.0
775,2020-11-07,Amber_K,103.79999999999994
776,2020-11-08,Normandy_K,0.0
777,2020-11-08,Walk_K,304.10000000000014
778,2020-11-08,River_K,122.2
779,2020-11-08,Rat_K,3503.1
780,2020-11-08,Poseidon_K,5022.0
781,2020-11-08,FastClear_K,802.3
782,2020-11-08,DogRaise_K,808.0
783,2020-11-08,Amber_K,117.49999999999993
784,2020-11-08,Mars_K,19611.0
785,2020-11-08,LuckyDog_K,2865.0
786,2020-11-09,Rat_K,3453.3
787,2020-11-09,Normandy_K,0.0
788,2020-11-09,Walk_K,297.5999999999998
789,2020-11-09,River_K,136.4
790,2020-11-09,Poseidon_K,5677.0
791,2020-11-09,LuckyDog_K,2577.0
792,2020-11-09,FastClear_K,875.5
793,2020-11-09,DogRaise_K,758.0
794,2020-11-09,Mars_K,22094.5
795,2020-11-09,Amber_K,102.79999999999997
796,2020-11-10,Rat_K,3083.0
797,2020-11-10,River_K,193.9
798,2020-11-10,Normandy_K,0.0
799,2020-11-10,Walk_K,281.4999999999996
800,2020-11-10,Poseidon_K,4682.0
801,2020-11-10,LuckyDog_K,2556.0
802,2020-11-10,DogRaise_K,690.0
803,2020-11-10,FastClear_K,766.0
804,2020-11-10,Amber_K,95.2
805,2020-11-10,Mars_K,18304.8
806,2020-11-11,Amber_K,82.6
807,2020-11-11,DogRaise_K,607.0
808,2020-11-11,FastClear_K,825.5
809,2020-11-11,LuckyDog_K,2292.8
810,2020-11-11,Mars_K,44833.1
811,2020-11-11,Normandy_K,0.0
812,2020-11-11,Poseidon_K,8602.0
813,2020-11-11,Rat_K,2902.0
814,2020-11-11,River_K,215.8
815,2020-11-11,Walk_K,250.9999999999991
816,2020-11-12,Normandy_K,0.0
817,2020-11-12,Amber_K,70.2
818,2020-11-12,River_K,215.5
819,2020-11-12,Rat_K,2826.0
820,2020-11-12,Poseidon_K,4974.0
821,2020-11-12,Walk_K,257.19999999999914
822,2020-11-12,Mars_K,21599.9
823,2020-11-12,LuckyDog_K,2116.8
824,2020-11-12,FastClear_K,786.3
825,2020-11-12,DogRaise_K,595.0
826,2020-11-13,Rat_K,2590.1
827,2020-11-13,Poseidon_K,5739.0
828,2020-11-13,Walk_K,219.7999999999992
829,2020-11-13,River_K,229.3
830,2020-11-13,Normandy_K,0.0
831,2020-11-13,FastClear_K,783.0
832,2020-11-13,DogRaise_K,516.0
833,2020-11-13,Amber_K,64.70000000000002
834,2020-11-13,LuckyDog_K,2013.0
835,2020-11-13,Mars_K,21485.4
836,2020-11-14,River_K,213.5
837,2020-11-14,Rat_K,2517.0
838,2020-11-14,Poseidon_K,4832.0
839,2020-11-14,Normandy_K,0.0
840,2020-11-14,Walk_K,239.29999999999905
841,2020-11-14,LuckyDog_K,1816.0
842,2020-11-14,FastClear_K,833.5
843,2020-11-14,DogRaise_K,518.0
844,2020-11-14,Amber_K,65.60000000000001
845,2020-11-14,Mars_K,19688.4
846,2020-11-15,Poseidon_K,7311.0
847,2020-11-15,Walk_K,265.1999999999993
848,2020-11-15,River_K,246.0
849,2020-11-15,Rat_K,2460.5
850,2020-11-15,Normandy_K,0.0
851,2020-11-15,Mars_K,39449.4
852,2020-11-15,DogRaise_K,557.0
853,2020-11-15,Amber_K,59.30000000000001
854,2020-11-15,LuckyDog_K,1705.0
855,2020-11-15,FastClear_K,718.0
856,2020-11-16,Rat_K,2308.6
857,2020-11-16,River_K,267.4
858,2020-11-16,Walk_K,252.59999999999906
859,2020-11-16,Normandy_K,0.0
860,2020-11-16,Poseidon_K,6788.0
861,2020-11-16,LuckyDog_K,1805.0
862,2020-11-16,DogRaise_K,515.0
863,2020-11-16,Mars_K,36307.8
864,2020-11-16,FastClear_K,700.0
865,2020-11-16,Amber_K,48.90000000000001
866,2020-11-17,Normandy_K,0.0
867,2020-11-17,River_K,318.5
868,2020-11-17,Rat_K,2282.0
869,2020-11-17,Poseidon_K,5951.0
870,2020-11-17,Amber_K,61.20000000000002
871,2020-11-17,LuckyDog_K,1649.0
872,2020-11-17,FastClear_K,731.0
873,2020-11-17,DogRaise_K,558.0
874,2020-11-17,Mars_K,24975.2
875,2020-11-17,Walk_K,261.4999999999992
876,2020-11-18,Poseidon_K,5768.0
877,2020-11-18,Walk_K,243.79999999999873
878,2020-11-18,River_K,268.2
879,2020-11-18,Rat_K,2141.5
880,2020-11-18,Normandy_K,0.0
881,2020-11-18,Mars_K,23941.5
882,2020-11-18,DogRaise_K,508.0
883,2020-11-18,Amber_K,54.80000000000001
884,2020-11-18,LuckyDog_K,1586.0
885,2020-11-18,FastClear_K,837.5
886,2020-11-19,River_K,308.7
887,2020-11-19,Rat_K,1832.0
888,2020-11-19,Walk_K,235.99999999999926
889,2020-11-19,Normandy_K,0.0
890,2020-11-19,Mars_K,57854.59999999999
891,2020-11-19,LuckyDog_K,1372.0
892,2020-11-19,DogRaise_K,468.0
893,2020-11-19,Amber_K,46.50000000000002
894,2020-11-19,FastClear_K,642.0
895,2020-11-20,Walk_K,182.5999999999994
896,2020-11-20,River_K,268.39999999999986
897,2020-11-20,Rat_K,1883.3
898,2020-11-20,Poseidon_K,5693.0
899,2020-11-20,Normandy_K,0.0
900,2020-11-20,Mars_K,23366.6
901,2020-11-20,LuckyDog_K,1380.3999999999978
902,2020-11-20,FastClear_K,753.0
903,2020-11-20,DogRaise_K,398.0
904,2020-11-20,Apollo_K,28554.0
905,2020-11-20,Amber_K,48.40000000000001
906,2020-11-21,Amber_K,37.7
907,2020-11-21,River_K,239.89999999999984
908,2020-11-21,Rat_K,1790.1
909,2020-11-21,Poseidon_K,6431.0
910,2020-11-21,Normandy_K,0.0
911,2020-11-21,Mars_K,28415.9
912,2020-11-21,LuckyDog_K,1692.1999999999905
913,2020-11-21,FastClear_K,673.5
914,2020-11-21,DogRaise_K,429.0
915,2020-11-21,Apollo_K,31953.0
916,2020-11-21,Walk_K,162.59999999999945
917,2020-11-22,Rat_K,1928.8
918,2020-11-22,Poseidon_K,5738.0
919,2020-11-22,PrivacyPowerPro_K,0.0
920,2020-11-22,River_K,245.6
921,2020-11-22,Normandy_K,0.0
922,2020-11-22,Walk_K,154.49999999999963
923,2020-11-22,LuckyDog_K,1709.2999999999865
924,2020-11-22,DogRaise_K,391.0
925,2020-11-22,Apollo_K,29587.0
926,2020-11-22,Amber_K,37.7
927,2020-11-22,Mars_K,24479.6
928,2020-11-22,FastClear_K,731.0
929,2020-11-23,Mars_K,66492.9
930,2020-11-23,Rat_K,1822.0
931,2020-11-23,Poseidon_K,11409.0
932,2020-11-23,Normandy_K,0.0
933,2020-11-23,Amber_K,5.9
934,2020-11-23,Walk_K,150.09999999999957
935,2020-11-23,FastClear_K,701.0
936,2020-11-23,DogRaise_K,398.0
937,2020-11-23,Apollo_K,56488.0
938,2020-11-23,LuckyDog_K,1626.099999999988
939,2020-11-23,River_K,231.19999999999985
940,2020-11-24,Poseidon_K,5178.0
941,2020-11-24,Walk_K,367.40000000000055
942,2020-11-24,River_K,196.29999999999973
943,2020-11-24,Rat_K,1771.3
944,2020-11-24,Normandy_K,0.0
945,2020-11-24,Mars_K,25166.899999999994
946,2020-11-24,DogRaise_K,460.0
947,2020-11-24,Apollo_K,30188.0
948,2020-11-24,LuckyDog_K,1258.0999999999985
949,2020-11-24,FastClear_K,788.0
950,2020-11-25,Poseidon_K,11730.0
951,2020-11-25,Rat_K,1809.8
952,2020-11-25,Walk_K,396.6000000000008
953,2020-11-25,Normandy_K,0.0
954,2020-11-25,River_K,226.9999999999997
955,2020-11-25,LuckyDog_K,1249.3999999999996
956,2020-11-25,Apollo_K,60046.0
957,2020-11-25,DogRaise_K,456.0
958,2020-11-25,Mars_K,65613.2
959,2020-11-25,FastClear_K,595.0
960,2020-11-26,LuckyDog_K,1156.8000000000004
961,2020-11-26,Poseidon_K,4748.0
962,2020-11-26,PrivacyPowerPro_K,0.0
963,2020-11-26,Walk_K,341.4000000000006
964,2020-11-26,River_K,167.79999999999984
965,2020-11-26,DogRaise_K,470.0
966,2020-11-26,Apollo_K,30815.0
967,2020-11-26,Mars_K,25708.5
968,2020-11-26,Normandy_K,0.0
969,2020-11-26,FastClear_K,727.5
970,2020-11-26,Rat_K,1629.0
971,2020-11-27,Poseidon_K,5210.0
972,2020-11-27,Rat_K,1664.3
973,2020-11-27,Normandy_K,0.0
974,2020-11-27,Walk_K,359.20000000000107
975,2020-11-27,River_K,182.69999999999987
976,2020-11-27,FastClear_K,672.0
977,2020-11-27,Apollo_K,35406.0
978,2020-11-27,LuckyDog_K,1068.4000000000024
979,2020-11-27,Mars_K,29477.4
980,2020-11-27,DogRaise_K,482.0
981,2020-11-28,Normandy_K,0.0
982,2020-11-28,Walk_K,298.5
983,2020-11-28,River_K,156.0999999999999
984,2020-11-28,Rat_K,1664.0
985,2020-11-28,Poseidon_K,10983.0
986,2020-11-28,FastClear_K,626.5
987,2020-11-28,DogRaise_K,532.0
988,2020-11-28,Apollo_K,61438.0
989,2020-11-28,Mars_K,68742.0
990,2020-11-28,LuckyDog_K,1017.2000000000032
991,2020-11-29,Rat_K,1022.2
992,2020-11-29,Normandy_K,0.0
993,2020-11-29,Walk_K,164.3999999999997
994,2020-11-29,River_K,70.5
995,2020-11-29,Poseidon_K,3039.0
996,2020-11-29,LuckyDog_K,556.2000000000012
997,2020-11-29,FastClear_K,361.0
998,2020-11-29,DogRaise_K,312.0
999,2020-11-29,Mars_K,20398.8
1000,2020-11-29,Apollo_K,19901.0
1001,2020-11-30,Normandy_K,0.0
1002,2020-11-30,Walk_K,369.09999999999917
1003,2020-11-30,RunFast_K,0.0
1004,2020-11-30,River_K,108.3
1005,2020-11-30,Rat_K,1820.1
1006,2020-11-30,Poseidon_K,4611.0
1007,2020-11-30,FastClear_K,690.0
1008,2020-11-30,DogRaise_K,565.0
1009,2020-11-30,Apollo_K,32281.0
1010,2020-11-30,Amber_K,55.8
1011,2020-11-30,Mars_K,33019.7
1012,2020-11-30,LuckyDog_K,1135.6000000000015
1013,2020-12-01,Rat_K,1834.5000000000034
1014,2020-12-01,Normandy_K,0.0
1015,2020-12-01,Walk_K,329.69999999999936
1016,2020-12-01,RunFast_K,0.0
1017,2020-12-01,River_K,89.10000000000002
1018,2020-12-01,Poseidon_K,12344.0
1019,2020-12-01,LuckyDog_K,814.1000000000006
1020,2020-12-01,FastClear_K,645.0
1021,2020-12-01,DogRaise_K,538.3
1022,2020-12-01,Apollo_K,68181.0
1023,2020-12-01,Mars_K,57583.7
1024,2020-12-01,Amber_K,24.5
1025,2020-12-02,River_K,66.9
1026,2020-12-02,Amber_K,19.2
1027,2020-12-02,Walk_K,334.1999999999996
1028,2020-12-02,RunFast_K,0.0
1029,2020-12-02,Poseidon_K,4751.0
1030,2020-12-02,LuckyDog_K,987.0000000000017
1031,2020-12-02,Mars_K,40669.8
1032,2020-12-02,FastClear_K,583.0
1033,2020-12-02,DogRaise_K,802.0000000000001
1034,2020-12-02,Apollo_K,31892.0
1035,2020-12-02,Normandy_K,0.0
1036,2020-12-02,Rat_K,3161.499999999984
1037,2020-12-03,Poseidon_K,5547.0
1038,2020-12-03,Walk_K,332.6999999999996
1039,2020-12-03,RunFast_K,0.0
1040,2020-12-03,River_K,78.9
1041,2020-12-03,Rat_K,3456.099999999975
1042,2020-12-03,Normandy_K,0.0
1043,2020-12-03,Mars_K,41169.8
1044,2020-12-03,DogRaise_K,665.1000000000001
1045,2020-12-03,Apollo_K,38397.0
1046,2020-12-03,Amber_K,22.6
1047,2020-12-03,LuckyDog_K,864.1000000000014
1048,2020-12-03,FastClear_K,695.3
1049,2020-12-04,Rat_K,3938.299999999956
1050,2020-12-04,Poseidon_K,13991.0
1051,2020-12-04,River_K,81.4
1052,2020-12-04,Walk_K,242.29999999999995
1053,2020-12-04,Normandy_K,0.0
1054,2020-12-04,RunFast_K,294.49999999999903
1055,2020-12-04,LuckyDog_K,767.0000000000008
1056,2020-12-04,DogRaise_K,841.7000000000007
1057,2020-12-04,Mars_K,67143.3
1058,2020-12-04,Amber_K,23.6
1059,2020-12-04,FastClear_K,640.0
1060,2020-12-04,Apollo_K,81855.0
1061,2020-12-05,RunFast_K,1343.1000000000129
1062,2020-12-05,River_K,135.3
1063,2020-12-05,Rat_K,5362.699999999931
1064,2020-12-05,Poseidon_K,5715.0
1065,2020-12-05,Normandy_K,0.0
1066,2020-12-05,Walk_K,258.49999999999994
1067,2020-12-05,LuckyDog_K,921.2000000000012
1068,2020-12-05,FastClear_K,777.0
1069,2020-12-05,DogRaise_K,1324.300000000002
1070,2020-12-05,Apollo_K,44255.0
1071,2020-12-05,Amber_K,20.4
1072,2020-12-05,Mars_K,39743.9
1073,2020-12-06,Poseidon_K,5284.0
1074,2020-12-06,Walk_K,201.5
1075,2020-12-06,RunFast_K,1502.2000000000164
1076,2020-12-06,River_K,131.2
1077,2020-12-06,Rat_K,5833.09999999992
1078,2020-12-06,Normandy_K,0.0
1079,2020-12-06,Mars_K,35763.8
1080,2020-12-06,DogRaise_K,1519.800000000004
1081,2020-12-06,Apollo_K,38642.0
1082,2020-12-06,Amber_K,14.2
1083,2020-12-06,LuckyDog_K,831.2000000000011
1084,2020-12-06,FastClear_K,793.0
1085,2020-12-07,Walk_K,166.7
1086,2020-12-07,Poseidon_K,5612.0
1087,2020-12-07,RunFast_K,1498.3000000000186
1088,2020-12-07,River_K,182.1
1089,2020-12-07,Normandy_K,0.0
1090,2020-12-07,Rat_K,6150.499999999912
1091,2020-12-07,DogRaise_K,2325.0999999999995
1092,2020-12-07,Mars_K,41658.3
1093,2020-12-07,Apollo_K,45510.0
1094,2020-12-07,Amber_K,23.9
1095,2020-12-07,LuckyDog_K,780.7000000000007
1096,2020-12-07,FastClear_K,671.0
1097,2020-12-08,River_K,149.79999999999995
1098,2020-12-08,Walk_K,77.70000000000002
1099,2020-12-08,Rat_K,4416.499999999944
1100,2020-12-08,Poseidon_K,15774.0
1101,2020-12-08,Normandy_K,0.0
1102,2020-12-08,RunFast_K,1342.5000000000164
1103,2020-12-08,LuckyDog_K,609.3000000000002
1104,2020-12-08,FastClear_K,664.0
1105,2020-12-08,DogRaise_K,2537.2999999999984
1106,2020-12-08,Amber_K,12.3
1107,2020-12-08,Mars_K,63168.5
1108,2020-12-08,Apollo_K,91134.0
1109,2020-12-09,LuckyDog_K,959.2000000000012
1110,2020-12-09,River_K,251.2
1111,2020-12-09,Rat_K,7122.299999999876
1112,2020-12-09,Poseidon_K,6194.0
1113,2020-12-09,Mars_K,49412.5
1114,2020-12-09,Ares_K,12786.0
1115,2020-12-09,FastClear_K,993.0
1116,2020-12-09,Apollo_K,54514.0
1117,2020-12-09,Amber_K,23.7
1118,2020-12-09,RunFast_K,1919.1000000000315
1119,2020-12-09,DogRaise_K,3501.0999999999776
1120,2020-12-09,Normandy_K,0.0
1121,2020-12-09,Walk_K,163.0
1122,2020-12-10 00:00:00,FastClear_K,850.0
1123,2020-12-10 00:00:00,River_K,198.7
1124,2020-12-10 00:00:00,Mars_K,36929.4
1125,2020-12-10 00:00:00,Amber_K,13.8
1126,2020-12-10 00:00:00,DogRaise_K,2714.999999999993
1127,2020-12-10 00:00:00,LuckyDog_K,653.1000000000001
1128,2020-12-10 00:00:00,Ares_K,9846.0
1129,2020-12-10 00:00:00,Poseidon_K,4542.0
1130,2020-12-10 00:00:00,Normandy_K,0.0
1131,2020-12-10 00:00:00,Rat_K,5334.09999999992
1132,2020-12-10 00:00:00,RunFast_K,1616.0000000000302
1133,2020-12-10 00:00:00,Walk_K,94.10000000000002
1134,2020-12-10 00:00:00,Apollo_K,39168.0
1135,2020-12-11 00:00:00,FastClear_K,662.0
1136,2020-12-11 00:00:00,River_K,162.29999999999995
1137,2020-12-11 00:00:00,Mars_K,72154.69999999997
1138,2020-12-11 00:00:00,Amber_K,11.8
1139,2020-12-11 00:00:00,DogRaise_K,2877.099999999987
1140,2020-12-11 00:00:00,LuckyDog_K,568.5999999999998
1141,2020-12-11 00:00:00,Ares_K,23486.0
1142,2020-12-11 00:00:00,Poseidon_K,15867.0
1143,2020-12-11 00:00:00,Normandy_K,5.0
1144,2020-12-11 00:00:00,Rat_K,10692.800000000068
1145,2020-12-11 00:00:00,RunFast_K,1813.9000000000306
1146,2020-12-11 00:00:00,Walk_K,114.9
1147,2020-12-11 00:00:00,Apollo_K,94328.0
1148,2020-12-12 00:00:00,FastClear_K,762.0
1149,2020-12-12 00:00:00,River_K,154.5
1150,2020-12-12 00:00:00,Mars_K,36416.3
1151,2020-12-12 00:00:00,Amber_K,10.0
1152,2020-12-12 00:00:00,DogRaise_K,2555.0999999999967
1153,2020-12-12 00:00:00,LuckyDog_K,561.5999999999998
1154,2020-12-12 00:00:00,Apollo_K,39130.0
1155,2020-12-12 00:00:00,Ares_K,8378.0
1156,2020-12-12 00:00:00,Normandy_K,0.0
1157,2020-12-12 00:00:00,Rat_K,6056.099999999898
1158,2020-12-12 00:00:00,RunFast_K,1743.8000000000266
1159,2020-12-12 00:00:00,Walk_K,67.30000000000001
1160,2020-12-12 00:00:00,Poseidon_K,4283.0
1161,2020-12-13 00:00:00,Walk_K,110.9
1162,2020-12-13 00:00:00,FastClear_K,679.5
1163,2020-12-13 00:00:00,River_K,136.0
1164,2020-12-13 00:00:00,Mars_K,41923.5
1165,2020-12-13 00:00:00,DogRaise_K,2464.8999999999983
1166,2020-12-13 00:00:00,Poseidon_K,5048.0
1167,2020-12-13 00:00:00,Ares_K,9350.0
1168,2020-12-13 00:00:00,Normandy_K,0.0
1169,2020-12-13 00:00:00,Rat_K,6629.299999999889
1170,2020-12-13 00:00:00,RunFast_K,1648.6000000000195
1171,2020-12-13 00:00:00,LuckyDog_K,478.29999999999984
1172,2020-12-13 00:00:00,Amber_K,10.4
1173,2020-12-13 00:00:00,Apollo_K,46567.0
1174,2020-12-14 00:00:00,Athena,0.0
1175,2020-12-14 00:00:00,Walk_K,70.50000000000003
1176,2020-12-14 00:00:00,RunFast_K,1770.4000000000194
1177,2020-12-14 00:00:00,Rat_K,8724.199999999935
1178,2020-12-14 00:00:00,PrivacyPowerPro_K,0.0
1179,2020-12-14 00:00:00,Optimizer_K,0.0
1180,2020-12-14 00:00:00,Space_K,0.0
1181,2020-12-14 00:00:00,Normandy_K,0.0
1182,2020-12-14 00:00:00,Poseidon_K,15719.0
1183,2020-12-14 00:00:00,Ares_K,20874.0
1184,2020-12-14 00:00:00,500_K,0.0
1185,2020-12-14 00:00:00,LuckyDog_K,257.89999999999986
1186,2020-12-14 00:00:00,Cookie_K,0.0
1187,2020-12-14 00:00:00,DogRaise_K,2237.700000000006
1188,2020-12-14 00:00:00,Amber_K,5.3
1189,2020-12-14 00:00:00,Mars_K,70399.2
1190,2020-12-14 00:00:00,River_K,117.6
1191,2020-12-14 00:00:00,ColorPhone_K,0.0
1192,2020-12-14 00:00:00,FastClear_K,804.0
1193,2020-12-14 00:00:00,Apollo_K,99953.0
1194,2020-12-15 00:00:00,Athena,0.0
1195,2020-12-15 00:00:00,Walk_K,65.60000000000001
1196,2020-12-15 00:00:00,RunFast_K,2069.1000000000167
1197,2020-12-15 00:00:00,Rat_K,6097.299999999908
1198,2020-12-15 00:00:00,PrivacyPowerPro_K,0.0
1199,2020-12-15 00:00:00,Optimizer_K,0.0
1200,2020-12-15 00:00:00,Space_K,0.0
1201,2020-12-15 00:00:00,Normandy_K,0.0
1202,2020-12-15 00:00:00,Poseidon_K,4378.0
1203,2020-12-15 00:00:00,Ares_K,8582.0
1204,2020-12-15 00:00:00,500_K,0.0
1205,2020-12-15 00:00:00,Apollo_K,46536.0
1206,2020-12-15 00:00:00,Cookie_K,0.0
1207,2020-12-15 00:00:00,DogRaise_K,1219.8000000000086
1208,2020-12-15 00:00:00,Amber_K,7.9
1209,2020-12-15 00:00:00,Mars_K,42055.4
1210,2020-12-15 00:00:00,River_K,94.20000000000002
1211,2020-12-15 00:00:00,ColorPhone_K,0.0
1212,2020-12-15 00:00:00,FastClear_K,733.0
1213,2020-12-15 00:00:00,LuckyDog_K,21.89999999999999
1214,2020-12-16 00:00:00,Athena,0.0
1215,2020-12-16 00:00:00,Walk_K,48.10000000000001
1216,2020-12-16 00:00:00,RunFast_K,2756.699999999985
1217,2020-12-16 00:00:00,Rat_K,7842.199999999882
1218,2020-12-16 00:00:00,PrivacyPowerPro_K,0.0
1219,2020-12-16 00:00:00,Optimizer_K,0.0
1220,2020-12-16 00:00:00,Space_K,0.0
1221,2020-12-16 00:00:00,Normandy_K,0.0
1222,2020-12-16 00:00:00,Poseidon_K,4471.0
1223,2020-12-16 00:00:00,Ares_K,7630.0
1224,2020-12-16 00:00:00,500_K,0.0
1225,2020-12-16 00:00:00,Apollo_K,43481.0
1226,2020-12-16 00:00:00,Cookie_K,0.0
1227,2020-12-16 00:00:00,DogRaise_K,3558.6999999999766
1228,2020-12-16 00:00:00,Amber_K,14.7
1229,2020-12-16 00:00:00,Mars_K,40552.2
1230,2020-12-16 00:00:00,River_K,118.5
1231,2020-12-16 00:00:00,ColorPhone_K,0.0
1232,2020-12-16 00:00:00,FastClear_K,908.0
1233,2020-12-16 00:00:00,LuckyDog_K,718.0000000000001
1234,2020-12-17 00:00:00,Athena,0.0
1235,2020-12-17 00:00:00,Walk_K,76.40000000000002
1236,2020-12-17 00:00:00,RunFast_K,5030.699999999941
1237,2020-12-17 00:00:00,Rat_K,12935.10000000022
1238,2020-12-17 00:00:00,PrivacyPowerPro_K,0.0
1239,2020-12-17 00:00:00,Optimizer_K,0.0
1240,2020-12-17 00:00:00,Space_K,0.0
1241,2020-12-17 00:00:00,Normandy_K,0.0
1242,2020-12-17 00:00:00,Poseidon_K,5203.0
1243,2020-12-17 00:00:00,Ares_K,9191.0
1244,2020-12-17 00:00:00,500_K,0.0
1245,2020-12-17 00:00:00,LuckyDog_K,439.8
1246,2020-12-17 00:00:00,Cookie_K,0.0
1247,2020-12-17 00:00:00,DogRaise_K,4591.099999999974
1248,2020-12-17 00:00:00,Amber_K,7.2
1249,2020-12-17 00:00:00,Mars_K,46016.99999999999
1250,2020-12-17 00:00:00,River_K,58.40000000000001
1251,2020-12-17 00:00:00,ColorPhone_K,0.0
1252,2020-12-17 00:00:00,FastClear_K,697.0
1253,2020-12-17 00:00:00,Apollo_K,49213.0
1254,2020-12-18 00:00:00,Athena,0.0
1255,2020-12-18 00:00:00,Apollo_K,127647.0
1256,2020-12-18 00:00:00,Walk_K,43.5
1257,2020-12-18 00:00:00,RunFast_K,5122.799999999937
1258,2020-12-18 00:00:00,Rat_K,7363.7999999998865
1259,2020-12-18 00:00:00,PrivacyPowerPro_K,0.0
1260,2020-12-18 00:00:00,Optimizer_K,0.0
1261,2020-12-18 00:00:00,Space_K,0.0
1262,2020-12-18 00:00:00,Normandy_K,0.0
1263,2020-12-18 00:00:00,Poseidon_K,20362.0
1264,2020-12-18 00:00:00,Ares_K,22394.0
1265,2020-12-18 00:00:00,500_K,0.0
1266,2020-12-18 00:00:00,LuckyDog_K,292.9
1267,2020-12-18 00:00:00,FastClear_K,646.0
1268,2020-12-18 00:00:00,River_K,74.3
1269,2020-12-18 00:00:00,ColorPhone_K,0.0
1270,2020-12-18 00:00:00,Amber_K,6.1
1271,2020-12-18 00:00:00,DogRaise_K,1815.0000000000118
1272,2020-12-18 00:00:00,Cookie_K,0.0
1273,2020-12-18 00:00:00,Mars_K,83560.89999999994
1274,2020-12-19 00:00:00,Poseidon_K,4521.0
1275,2020-12-19 00:00:00,Normandy_K,0.0
1276,2020-12-19 00:00:00,Space_K,0.0
1277,2020-12-19 00:00:00,Optimizer_K,0.0
1278,2020-12-19 00:00:00,PrivacyPowerPro_K,0.0
1279,2020-12-19 00:00:00,RunFast_K,2629.7999999999915
1280,2020-12-19 00:00:00,Walk_K,37.2
1281,2020-12-19 00:00:00,Apollo_K,48952.0
1282,2020-12-19 00:00:00,Rat_K,6521.499999999897
1283,2020-12-19 00:00:00,Ares_K,8972.0
1284,2020-12-19 00:00:00,500_K,0.0
1285,2020-12-19 00:00:00,Athena,0.0
1286,2020-12-19 00:00:00,FastClear_K,698.0
1287,2020-12-19 00:00:00,ColorPhone_K,0.0
1288,2020-12-19 00:00:00,River_K,119.3
1289,2020-12-19 00:00:00,Mars_K,44007.59999999999
1290,2020-12-19 00:00:00,DogRaise_K,1733.500000000011
1291,2020-12-19 00:00:00,Cookie_K,0.0
1292,2020-12-19 00:00:00,LuckyDog_K,265.79999999999995
1293,2020-12-19 00:00:00,Amber_K,8.899999999999997
1294,2020-12-20 00:00:00,Ares_K,8275.0
1295,2020-12-20 00:00:00,Poseidon_K,4060.0
1296,2020-12-20 00:00:00,Normandy_K,0.0
1297,2020-12-20 00:00:00,Space_K,0.0
1298,2020-12-20 00:00:00,Optimizer_K,0.0
1299,2020-12-20 00:00:00,Rat_K,6371.499999999894
1300,2020-12-20 00:00:00,PrivacyPowerPro_K,0.0
1301,2020-12-20 00:00:00,RunFast_K,2288.100000000004
1302,2020-12-20 00:00:00,Walk_K,48.10000000000001
1303,2020-12-20 00:00:00,500_K,0.0
1304,2020-12-20 00:00:00,River_K,151.7
1305,2020-12-20 00:00:00,Cookie_K,0.0
1306,2020-12-20 00:00:00,DogRaise_K,1896.6000000000115
1307,2020-12-20 00:00:00,Amber_K,5.1
1308,2020-12-20 00:00:00,Mars_K,40268.10000000001
1309,2020-12-20 00:00:00,Apollo_K,42057.0
1310,2020-12-20 00:00:00,ColorPhone_K,0.0
1311,2020-12-20 00:00:00,FastClear_K,566.0
1312,2020-12-20 00:00:00,Athena,0.0
1313,2020-12-20 00:00:00,LuckyDog_K,240.5
1314,2020-12-21 00:00:00,Athena,0.0
1315,2020-12-21 00:00:00,Walk_K,56.6
1316,2020-12-21 00:00:00,RunFast_K,2007.400000000007
1317,2020-12-21 00:00:00,Rat_K,6382.699999999903
1318,2020-12-21 00:00:00,PrivacyPowerPro_K,0.0
1319,2020-12-21 00:00:00,Optimizer_K,0.0
1320,2020-12-21 00:00:00,Space_K,0.0
1321,2020-12-21 00:00:00,Normandy_K,0.0
1322,2020-12-21 00:00:00,Poseidon_K,17165.0
1323,2020-12-21 00:00:00,Ares_K,21430.0
1324,2020-12-21 00:00:00,500_K,0.0
1325,2020-12-21 00:00:00,LuckyDog_K,216.89999999999995
1326,2020-12-21 00:00:00,Cookie_K,0.0
1327,2020-12-21 00:00:00,DogRaise_K,1902.6000000000104
1328,2020-12-21 00:00:00,Amber_K,1.5
1329,2020-12-21 00:00:00,Mars_K,78074.59999999989
1330,2020-12-21 00:00:00,River_K,143.7
1331,2020-12-21 00:00:00,ColorPhone_K,0.0
1332,2020-12-21 00:00:00,FastClear_K,674.0
1333,2020-12-21 00:00:00,Apollo_K,93290.0
1334,2020-12-22 00:00:00,Athena,0.0
1335,2020-12-22 00:00:00,Walk_K,49.90000000000001
1336,2020-12-22 00:00:00,RunFast_K,1893.9000000000067
1337,2020-12-22 00:00:00,Rat_K,11329.300000000052
1338,2020-12-22 00:00:00,PrivacyPowerPro_K,0.0
1339,2020-12-22 00:00:00,Optimizer_K,0.0
1340,2020-12-22 00:00:00,Space_K,0.0
1341,2020-12-22 00:00:00,Normandy_K,0.0
1342,2020-12-22 00:00:00,Poseidon_K,4175.0
1343,2020-12-22 00:00:00,Ares_K,6863.0
1344,2020-12-22 00:00:00,500_K,0.0
1345,2020-12-22 00:00:00,Apollo_K,63062.3
1346,2020-12-22 00:00:00,Cookie_K,0.0
1347,2020-12-22 00:00:00,DogRaise_K,1793.0000000000105
1348,2020-12-22 00:00:00,Amber_K,5.3
1349,2020-12-22 00:00:00,Mars_K,41770.099999999984
1350,2020-12-22 00:00:00,River_K,242.4
1351,2020-12-22 00:00:00,ColorPhone_K,0.0
1352,2020-12-22 00:00:00,FastClear_K,486.0
1353,2020-12-22 00:00:00,LuckyDog_K,262.2
1354,2020-12-23 00:00:00,Athena,0.0
1355,2020-12-23 00:00:00,Walk_K,39.3
1356,2020-12-23 00:00:00,RunFast_K,2244.5000000000023
1357,2020-12-23 00:00:00,Rat_K,5705.899999999916
1358,2020-12-23 00:00:00,PrivacyPowerPro_K,0.0
1359,2020-12-23 00:00:00,Optimizer_K,0.0
1360,2020-12-23 00:00:00,Space_K,0.0
1361,2020-12-23 00:00:00,Normandy_K,0.0
1362,2020-12-23 00:00:00,Poseidon_K,4520.0
1363,2020-12-23 00:00:00,Ares_K,7970.0
1364,2020-12-23 00:00:00,Apollo_K,43390.39999999999
1365,2020-12-23 00:00:00,500_K,0.0
1366,2020-12-23 00:00:00,LuckyDog_K,176.8
1367,2020-12-23 00:00:00,Cookie_K,0.0
1368,2020-12-23 00:00:00,DogRaise_K,3543.7999999999847
1369,2020-12-23 00:00:00,Amber_K,3.1
1370,2020-12-23 00:00:00,Mars_K,45833.59999999996
1371,2020-12-23 00:00:00,River_K,355.59999999999985
1372,2020-12-23 00:00:00,ColorPhone_K,0.0
1373,2020-12-23 00:00:00,FastClear_K,452.0
1374,2020-12-24 00:00:00,Athena,0.0
1375,2020-12-24 00:00:00,Walk_K,49.8
1376,2020-12-24 00:00:00,RunFast_K,1116.9000000000046
1377,2020-12-24 00:00:00,Rat_K,5051.199999999937
1378,2020-12-24 00:00:00,PrivacyPowerPro_K,0.0
1379,2020-12-24 00:00:00,Optimizer_K,0.0
1380,2020-12-24 00:00:00,Space_K,0.0
1381,2020-12-24 00:00:00,Normandy_K,0.0
1382,2020-12-24 00:00:00,Poseidon_K,3785.0
1383,2020-12-24 00:00:00,Ares_K,6784.0
1384,2020-12-24 00:00:00,Apollo_K,115737.99999999975
1385,2020-12-24 00:00:00,500_K,0.0
1386,2020-12-24 00:00:00,LuckyDog_K,201.2
1387,2020-12-24 00:00:00,Cookie_K,0.0
1388,2020-12-24 00:00:00,DogRaise_K,1573.8000000000095
1389,2020-12-24 00:00:00,Amber_K,5.5
1390,2020-12-24 00:00:00,Mars_K,39863.400000000016
1391,2020-12-24 00:00:00,River_K,387.5
1392,2020-12-24 00:00:00,ColorPhone_K,0.0
1393,2020-12-24 00:00:00,FastClear_K,535.0
1394,2020-12-25 00:00:00,Athena,0.0
1395,2020-12-25 00:00:00,Apollo_K,39841.4
1396,2020-12-25 00:00:00,Walk_K,27.1
1397,2020-12-25 00:00:00,RunFast_K,991.5
1398,2020-12-25 00:00:00,Rat_K,4518.2
1399,2020-12-25 00:00:00,Optimizer_K,0.0
1400,2020-12-25 00:00:00,Space_K,0.0
1401,2020-12-25 00:00:00,Normandy_K,0.0
1402,2020-12-25 00:00:00,Poseidon_K,18317.0
1403,2020-12-25 00:00:00,PrivacyPowerPro_K,0.0
1404,2020-12-25 00:00:00,500_K,0.0
1405,2020-12-25 00:00:00,Ares_K,11345.0
1406,2020-12-25 00:00:00,FastClear_K,541.5
1407,2020-12-25 00:00:00,ColorPhone_K,0.0
1408,2020-12-25 00:00:00,River_K,344.8
1409,2020-12-25 00:00:00,Mars_K,81134.2
1410,2020-12-25 00:00:00,Amber_K,10.1
1411,2020-12-25 00:00:00,Coffee_K,0.3
1412,2020-12-25 00:00:00,Cookie_K,0.0
1413,2020-12-25 00:00:00,LuckyDog_K,127.7
1414,2020-12-25 00:00:00,DogRaise_K,1500.2
1415,2020-12-26 00:00:00,Ares_K,34608.0
1416,2020-12-26 00:00:00,Poseidon_K,12962.0
1417,2020-12-26 00:00:00,Normandy_K,0.0
1418,2020-12-26 00:00:00,Space_K,0.0
1419,2020-12-26 00:00:00,Optimizer_K,0.0
1420,2020-12-26 00:00:00,RunFast_K,814.8
1421,2020-12-26 00:00:00,PrivacyPowerPro_K,0.0
1422,2020-12-26 00:00:00,Rat_K,4828.4
1423,2020-12-26 00:00:00,Walk_K,30.0
1424,2020-12-26 00:00:00,Apollo_K,88137.0
1425,2020-12-26 00:00:00,500_K,0.0
1426,2020-12-26 00:00:00,LuckyDog_K,148.8
1427,2020-12-26 00:00:00,FastClear_K,548.0
1428,2020-12-26 00:00:00,ColorPhone_K,0.0
1429,2020-12-26 00:00:00,River_K,319.7
1430,2020-12-26 00:00:00,Athena,0.0
1431,2020-12-26 00:00:00,Amber_K,12.8
1432,2020-12-26 00:00:00,DogRaise_K,2188.1
1433,2020-12-26 00:00:00,Coffee_K,279.3
1434,2020-12-26 00:00:00,Cookie_K,0.0
1435,2020-12-26 00:00:00,Mars_K,61887.4
1436,2020-12-27 00:00:00,Ares_K,9299.0
1437,2020-12-27 00:00:00,Poseidon_K,3575.0
1438,2020-12-27 00:00:00,Normandy_K,0.0
1439,2020-12-27 00:00:00,Space_K,0.0
1440,2020-12-27 00:00:00,Optimizer_K,0.0
1441,2020-12-27 00:00:00,Rat_K,5324.4
1442,2020-12-27 00:00:00,PrivacyPowerPro_K,0.0
1443,2020-12-27 00:00:00,RunFast_K,739.2
1444,2020-12-27 00:00:00,Walk_K,41.0
1445,2020-12-27 00:00:00,500_K,0.0
1446,2020-12-27 00:00:00,Amber_K,8.7
1447,2020-12-27 00:00:00,Cookie_K,0.0
1448,2020-12-27 00:00:00,Coffee_K,231.3
1449,2020-12-27 00:00:00,DogRaise_K,3287.4
1450,2020-12-27 00:00:00,Apollo_K,38998.1
1451,2020-12-27 00:00:00,Mars_K,43041.7
1452,2020-12-27 00:00:00,River_K,287.9
1453,2020-12-27 00:00:00,ColorPhone_K,0.0
1454,2020-12-27 00:00:00,FastClear_K,488.0
1455,2020-12-27 00:00:00,Athena,0.0
1456,2020-12-27 00:00:00,LuckyDog_K,156.0
0,2020-12-28 00:00:00,Athena,0.0
25,2020-12-28 00:00:00,Emperor_K,6.599999999999999
24,2020-12-28 00:00:00,Walk_K,25.5
23,2020-12-28 00:00:00,RunFast_K,694.0000000000013
22,2020-12-28 00:00:00,Rat_K,5716.399999999941
21,2020-12-28 00:00:00,PrivacyPowerPro_K,0.0
19,2020-12-28 00:00:00,Optimizer_K,0.0
18,2020-12-28 00:00:00,Space_K,0.0
17,2020-12-28 00:00:00,Normandy_K,0.0
16,2020-12-28 00:00:00,Poseidon_K,4604.0
15,2020-12-28 00:00:00,Ares_K,7875.0
14,2020-12-28 00:00:00,500_K,0.0
12,2020-12-28 00:00:00,LuckyDog_K,140.00000000000003
10,2020-12-28 00:00:00,Cookie_K,0.0
9,2020-12-28 00:00:00,Coffee_K,221.6999999999993
8,2020-12-28 00:00:00,DogRaise_K,3513.9999999999764
7,2020-12-28 00:00:00,Amber_K,1.8
6,2020-12-28 00:00:00,Mars_K,45359.89999999992
5,2020-12-28 00:00:00,River_K,260.7
4,2020-12-28 00:00:00,ColorPhone_K,0.0
3,2020-12-28 00:00:00,FastClear_K,505.0
26,2020-12-28 00:00:00,Apollo_K,34652.80000000003
