,date,app,earnings
0,8/1/2020,500_K,173916.2362
1,8/1/2020,Amber_K,2560.204233
2,8/1/2020,Athena,2303.224058
3,8/1/2020,ColorPhone_K,120128.6296
4,8/1/2020,DogRaise_K,9859.823312
5,8/1/2020,FastClear_K,21591.71332
6,8/1/2020,Mars_K,161675.5621
7,8/1/2020,Normandy_K,54921.672589999995
8,8/1/2020,Optimizer_K,203052.9246
9,8/1/2020,PrivacyPowerPro_K,72850.98989
10,8/1/2020,Rat_K,9101.44998
11,8/1/2020,Space_K,363756.4737
12,8/1/2020,Speed_K,382.26474
13,8/1/2020,Walk_K,4820.164048
14,8/2/2020,500_K,170486.6081
15,8/2/2020,Amber_K,2087.313675
16,8/2/2020,Athena,2479.368976
17,8/2/2020,ColorPhone_K,119015.2467
18,8/2/2020,DogRaise_K,9389.525637
19,8/2/2020,FastClear_K,23046.760140000002
20,8/2/2020,Mars_K,155569.3251
21,8/2/2020,Normandy_K,52559.817189999994
22,8/2/2020,Optimizer_K,226232.4192
23,8/2/2020,PrivacyPowerPro_K,78311.35178
24,8/2/2020,Rat_K,9129.660161
25,8/2/2020,Space_K,362689.4876
26,8/2/2020,Speed_K,408.1968792
27,8/2/2020,Walk_K,4365.547868
28,8/3/2020,500_K,168201.8264
29,8/3/2020,Amber_K,2074.125533
30,8/3/2020,Athena,2566.1008899999997
31,8/3/2020,ColorPhone_K,123044.0977
32,8/3/2020,DogRaise_K,9152.514811
33,8/3/2020,FastClear_K,25191.58564
34,8/3/2020,Mars_K,151257.211
35,8/3/2020,Normandy_K,52907.037469999996
36,8/3/2020,Optimizer_K,218622.2744
37,8/3/2020,PrivacyPowerPro_K,76856.07967
38,8/3/2020,Rat_K,9136.41293
39,8/3/2020,Space_K,360241.9345
40,8/3/2020,Speed_K,456.76566299999996
41,8/3/2020,Walk_K,4103.759656
42,8/4/2020,500_K,163761.4191
43,8/4/2020,Amber_K,2307.2045329999996
44,8/4/2020,Athena,2833.854398
45,8/4/2020,ColorPhone_K,122389.8976
46,8/4/2020,DogRaise_K,9615.190920000001
47,8/4/2020,FastClear_K,28544.6863
48,8/4/2020,Mars_K,155544.8355
49,8/4/2020,Normandy_K,53390.90919
50,8/4/2020,Optimizer_K,212978.9448
51,8/4/2020,PrivacyPowerPro_K,80562.88854
52,8/4/2020,Rat_K,9887.331195
53,8/4/2020,Space_K,358462.0575
54,8/4/2020,Speed_K,455.8072908
55,8/4/2020,Walk_K,3869.342618
56,8/5/2020,500_K,160950.995
57,8/5/2020,Amber_K,2189.000009
58,8/5/2020,Athena,2346.924482
59,8/5/2020,ColorPhone_K,121713.475
60,8/5/2020,DogRaise_K,9499.77392
61,8/5/2020,FastClear_K,27461.83178
62,8/5/2020,Mars_K,154735.4256
63,8/5/2020,Normandy_K,53819.06299
64,8/5/2020,Optimizer_K,207941.9979
65,8/5/2020,PrivacyPowerPro_K,86066.71388
66,8/5/2020,Rat_K,9690.63429
67,8/5/2020,Space_K,373486.1756
68,8/5/2020,Speed_K,511.60209519999995
69,8/5/2020,Walk_K,3873.271147
70,8/6/2020,500_K,155562.7712
71,8/6/2020,Amber_K,1950.821251
72,8/6/2020,Athena,2111.023906
73,8/6/2020,ColorPhone_K,120191.9581
74,8/6/2020,DogRaise_K,9897.447186
75,8/6/2020,FastClear_K,27221.575010000004
76,8/6/2020,Mars_K,156423.5326
77,8/6/2020,Normandy_K,59246.51795
78,8/6/2020,Optimizer_K,208002.3938
79,8/6/2020,PrivacyPowerPro_K,93970.98443
80,8/6/2020,Rat_K,9756.883133
81,8/6/2020,Space_K,362702.1669
82,8/6/2020,Speed_K,462.92771060000007
83,8/6/2020,Walk_K,3715.1449439999997
84,8/7/2020,500_K,155677.3806
85,8/7/2020,Amber_K,1907.347016
86,8/7/2020,Athena,3025.901187
87,8/7/2020,ColorPhone_K,125510.2435
88,8/7/2020,DogRaise_K,9382.479359
89,8/7/2020,FastClear_K,32259.168410000002
90,8/7/2020,Mars_K,151310.9087
91,8/7/2020,Normandy_K,75538.09827
92,8/7/2020,Optimizer_K,241592.4162
93,8/7/2020,PrivacyPowerPro_K,121290.3955
94,8/7/2020,Rat_K,9565.699
95,8/7/2020,Space_K,381130.92299999995
96,8/7/2020,Speed_K,446.2797867
97,8/7/2020,Walk_K,3349.431589000001
98,8/8/2020,500_K,151319.4486
99,8/8/2020,Amber_K,2053.148225
100,8/8/2020,Athena,3022.331871
101,8/8/2020,ColorPhone_K,121845.8437
102,8/8/2020,DogRaise_K,10400.47399
103,8/8/2020,FastClear_K,45747.99483
104,8/8/2020,Mars_K,149571.0398
105,8/8/2020,Normandy_K,73081.67989
106,8/8/2020,Optimizer_K,232480.3335
107,8/8/2020,PrivacyPowerPro_K,125642.5703
108,8/8/2020,Rat_K,10523.22355
109,8/8/2020,Space_K,343855.9179
110,8/8/2020,Speed_K,483.03000610000015
111,8/8/2020,Walk_K,3400.410129
112,8/9/2020,500_K,153480.7085
113,8/9/2020,Amber_K,2290.601236
114,8/9/2020,Athena,3007.398956
115,8/9/2020,ColorPhone_K,120296.9938
116,8/9/2020,DogRaise_K,10235.891940000001
117,8/9/2020,FastClear_K,44700.0312
118,8/9/2020,Mars_K,156704.6572
119,8/9/2020,Normandy_K,70835.21358
120,8/9/2020,Optimizer_K,243460.9049
121,8/9/2020,PrivacyPowerPro_K,140911.8954
122,8/9/2020,Rat_K,11168.894890000001
123,8/9/2020,Space_K,347160.6316
124,8/9/2020,Speed_K,518.6672713
125,8/9/2020,Walk_K,3342.760877
126,8/10/2020,500_K,154297.2768
127,8/10/2020,Amber_K,2054.338486
128,8/10/2020,Athena,2880.660728000001
129,8/10/2020,ColorPhone_K,126834.0922
130,8/10/2020,DogRaise_K,10198.89475
131,8/10/2020,FastClear_K,45196.99173
132,8/10/2020,Mars_K,160312.2575
133,8/10/2020,Normandy_K,70308.45337
134,8/10/2020,Optimizer_K,238382.4203
135,8/10/2020,PrivacyPowerPro_K,145728.3306
136,8/10/2020,Rat_K,11067.57056
137,8/10/2020,Space_K,356492.3779
138,8/10/2020,Speed_K,593.8250706
139,8/10/2020,Walk_K,3551.064509000001
140,8/11/2020,500_K,146595.0038
141,8/11/2020,Amber_K,1993.495816
142,8/11/2020,Athena,2882.384275
143,8/11/2020,ColorPhone_K,117569.2482
144,8/11/2020,DogRaise_K,9357.398679
145,8/11/2020,FastClear_K,42780.53883
146,8/11/2020,Mars_K,145958.4065
147,8/11/2020,Normandy_K,65340.170360000004
148,8/11/2020,Optimizer_K,220095.3927
149,8/11/2020,PrivacyPowerPro_K,144845.9016
150,8/11/2020,Rat_K,11426.51247
151,8/11/2020,Space_K,323745.6746
152,8/11/2020,Speed_K,743.2521012
153,8/11/2020,Walk_K,3336.6333
154,8/12/2020,500_K,149692.2403
155,8/12/2020,Amber_K,2317.739985
156,8/12/2020,Athena,3536.421258
157,8/12/2020,ColorPhone_K,120875.4391
158,8/12/2020,DogRaise_K,9811.158825
159,8/12/2020,FastClear_K,41415.270339999995
160,8/12/2020,Mars_K,163156.9678
161,8/12/2020,Normandy_K,71579.03681
162,8/12/2020,Optimizer_K,224151.8185
163,8/12/2020,PrivacyPowerPro_K,144492.9135
164,8/12/2020,Rat_K,11140.1023
165,8/12/2020,Space_K,373574.6786
166,8/12/2020,Speed_K,772.091856
167,8/12/2020,Walk_K,3256.4504620000002
168,8/13/2020,500_K,143999.7567
169,8/13/2020,Amber_K,1746.6091059999999
170,8/13/2020,Athena,3438.149594
171,8/13/2020,ColorPhone_K,118233.7381
172,8/13/2020,DogRaise_K,8693.858311
173,8/13/2020,FastClear_K,39010.68523
174,8/13/2020,Mars_K,151851.9968
175,8/13/2020,Normandy_K,70660.24794
176,8/13/2020,Optimizer_K,206290.3713
177,8/13/2020,PrivacyPowerPro_K,126583.6196
178,8/13/2020,Rat_K,9518.550076000001
179,8/13/2020,Space_K,333535.8378
180,8/13/2020,Speed_K,753.5379936
181,8/13/2020,Walk_K,2931.949003
182,8/14/2020,500_K,149515.9801
183,8/14/2020,Amber_K,1881.5996920000002
184,8/14/2020,Athena,3426.5702229999997
185,8/14/2020,ColorPhone_K,121184.2392
186,8/14/2020,DogRaise_K,8986.27497
187,8/14/2020,FastClear_K,42063.75742
188,8/14/2020,Mars_K,156602.4152
189,8/14/2020,Normandy_K,77425.53348
190,8/14/2020,Optimizer_K,196436.03
191,8/14/2020,PrivacyPowerPro_K,130540.4929
192,8/14/2020,Rat_K,9176.36764
193,8/14/2020,Space_K,333073.1052
194,8/14/2020,Speed_K,739.9620227999999
195,8/14/2020,Walk_K,3206.264593
196,8/15/2020,500_K,149574.1533
197,8/15/2020,Amber_K,2039.25632
198,8/15/2020,Athena,3334.938456
199,8/15/2020,ColorPhone_K,117729.0357
200,8/15/2020,DogRaise_K,8295.781217
201,8/15/2020,FastClear_K,40507.568
202,8/15/2020,Mars_K,157804.4875
203,8/15/2020,Normandy_K,82138.31043
204,8/15/2020,Optimizer_K,201200.4322
205,8/15/2020,PrivacyPowerPro_K,124319.8917
206,8/15/2020,Rat_K,8907.369963
207,8/15/2020,Space_K,331198.6211
208,8/15/2020,Speed_K,757.7352936000003
209,8/15/2020,Walk_K,3271.80945
210,8/16/2020,500_K,154528.751
211,8/16/2020,Amber_K,1857.083611
212,8/16/2020,Athena,3349.180052
213,8/16/2020,ColorPhone_K,122296.2451
214,8/16/2020,DogRaise_K,7185.456308
215,8/16/2020,FastClear_K,41104.37534
216,8/16/2020,Mars_K,172311.1378
217,8/16/2020,Normandy_K,84387.57058
218,8/16/2020,Optimizer_K,218961.7514
219,8/16/2020,PrivacyPowerPro_K,128135.4098
220,8/16/2020,Rat_K,7631.506915000001
221,8/16/2020,Space_K,343922.8744
222,8/16/2020,Speed_K,771.9659472
223,8/16/2020,Walk_K,3145.859645
224,8/17/2020,500_K,151815.0436
225,8/17/2020,Amber_K,1746.9945910000001
226,8/17/2020,Athena,3563.1687939999997
227,8/17/2020,ColorPhone_K,125006.0172
228,8/17/2020,DogRaise_K,7992.070951000002
229,8/17/2020,FastClear_K,37253.55026
230,8/17/2020,Mars_K,162280.8018
231,8/17/2020,Normandy_K,86652.38872
232,8/17/2020,Optimizer_K,189456.7331
233,8/17/2020,PrivacyPowerPro_K,133550.5199
234,8/17/2020,Rat_K,7867.760694
235,8/17/2020,Space_K,339014.5608
236,8/17/2020,Speed_K,661.2242
237,8/17/2020,Walk_K,3100.461728
238,8/18/2020,500_K,170489.3853
239,8/18/2020,Amber_K,2015.474643
240,8/18/2020,Athena,3992.488679
241,8/18/2020,ColorPhone_K,145175.9885
242,8/18/2020,DogRaise_K,8262.395156
243,8/18/2020,FastClear_K,42831.96383
244,8/18/2020,Mars_K,183834.1165
245,8/18/2020,Normandy_K,98387.55144
246,8/18/2020,Optimizer_K,208040.7374
247,8/18/2020,PrivacyPowerPro_K,157669.3543
248,8/18/2020,Rat_K,9167.278666
249,8/18/2020,Space_K,381239.3265
250,8/18/2020,Speed_K,706.2581745
251,8/18/2020,Walk_K,3931.044459
252,8/19/2020,500_K,142631.7196
253,8/19/2020,Amber_K,2090.643413
254,8/19/2020,Athena,3238.920356
255,8/19/2020,ColorPhone_K,116913.8714
256,8/19/2020,DogRaise_K,7411.254389
257,8/19/2020,FastClear_K,35277.62547
258,8/19/2020,Mars_K,142103.4136
259,8/19/2020,Normandy_K,92388.14399
260,8/19/2020,Optimizer_K,175045.6717
261,8/19/2020,PrivacyPowerPro_K,130790.6588
262,8/19/2020,Rat_K,8550.302020000001
263,8/19/2020,Space_K,312208.8807
264,8/19/2020,Speed_K,556.989346
265,8/19/2020,Walk_K,3239.974505
266,8/20/2020,500_K,148954.7283
267,8/20/2020,Amber_K,2678.72771
268,8/20/2020,Athena,3662.8276200000014
269,8/20/2020,ColorPhone_K,118875.7359
270,8/20/2020,DogRaise_K,9349.755187
271,8/20/2020,FastClear_K,37967.38888
272,8/20/2020,Mars_K,139936.0743
273,8/20/2020,Normandy_K,94224.38857000001
274,8/20/2020,Optimizer_K,182247.5056
275,8/20/2020,PrivacyPowerPro_K,128085.4541
276,8/20/2020,Rat_K,8555.559641
277,8/20/2020,Space_K,299920.1803
278,8/20/2020,Speed_K,512.4200211
279,8/20/2020,Walk_K,3503.563218
280,8/21/2020,500_K,153085.841
281,8/21/2020,Amber_K,2461.59087
282,8/21/2020,Athena,3010.079022
283,8/21/2020,ColorPhone_K,124083.73300000001
284,8/21/2020,DogRaise_K,9677.99388
285,8/21/2020,FastClear_K,36458.18546
286,8/21/2020,Mars_K,139674.9728
287,8/21/2020,Normandy_K,90805.54643
288,8/21/2020,Optimizer_K,183192.5567
289,8/21/2020,PrivacyPowerPro_K,124122.6467
290,8/21/2020,Rat_K,10239.5867
291,8/21/2020,Space_K,284046.4106
292,8/21/2020,Speed_K,491.39351229999994
293,8/21/2020,Walk_K,3228.146978
294,8/22/2020,500_K,149210.8112
295,8/22/2020,Amber_K,2517.625589
296,8/22/2020,Athena,4515.975026
297,8/22/2020,ColorPhone_K,125161.3573
298,8/22/2020,DogRaise_K,10846.50969
299,8/22/2020,FastClear_K,36319.377
300,8/22/2020,Mars_K,139067.2916
301,8/22/2020,Normandy_K,93362.5241
302,8/22/2020,Optimizer_K,175647.1715
303,8/22/2020,PrivacyPowerPro_K,125295.4749
304,8/22/2020,Rat_K,10933.8744
305,8/22/2020,Space_K,265013.7768
306,8/22/2020,Speed_K,483.3597648
307,8/22/2020,Walk_K,3535.861032000001
308,8/23/2020,500_K,148987.3701
309,8/23/2020,Amber_K,2874.969753000001
310,8/23/2020,Athena,4577.109389
311,8/23/2020,ColorPhone_K,125426.7337
312,8/23/2020,DogRaise_K,11962.850840000001
313,8/23/2020,FastClear_K,35470.66083
314,8/23/2020,Mars_K,143664.8181
315,8/23/2020,Normandy_K,92566.30532
316,8/23/2020,Optimizer_K,178745.5728
317,8/23/2020,PrivacyPowerPro_K,126489.1875
318,8/23/2020,Rat_K,11686.23142
319,8/23/2020,Space_K,263023.9131
320,8/23/2020,Speed_K,457.10784349999994
321,8/23/2020,Walk_K,3523.2355159999997
322,8/24/2020,500_K,146739.0707
323,8/24/2020,Amber_K,2504.588102
324,8/24/2020,Athena,3674.50597
325,8/24/2020,ColorPhone_K,133969.943
326,8/24/2020,DogRaise_K,11861.09193
327,8/24/2020,FastClear_K,34658.39172
328,8/24/2020,Mars_K,154977.6435
329,8/24/2020,Normandy_K,95571.20748
330,8/24/2020,Optimizer_K,195710.9406
331,8/24/2020,PrivacyPowerPro_K,133773.3446
332,8/24/2020,Rat_K,11450.9208
333,8/24/2020,Space_K,269508.9855
334,8/24/2020,Speed_K,479.88721680000003
335,8/24/2020,Walk_K,3382.549892
336,8/25/2020,500_K,147560.2639
337,8/25/2020,Amber_K,2541.168435
338,8/25/2020,Athena,4217.872340999998
339,8/25/2020,ColorPhone_K,135044.238
340,8/25/2020,DogRaise_K,12165.62211
341,8/25/2020,FastClear_K,34811.28886
342,8/25/2020,Mars_K,163849.4081
343,8/25/2020,Normandy_K,87829.84634
344,8/25/2020,Optimizer_K,190372.3805
345,8/25/2020,PrivacyPowerPro_K,137821.8179
346,8/25/2020,Rat_K,11171.1778
347,8/25/2020,Space_K,285876.4904
348,8/25/2020,Speed_K,483.71589800000004
349,8/25/2020,Walk_K,3239.734726
350,8/26/2020,500_K,146801.3974
351,8/26/2020,Amber_K,2645.316346
352,8/26/2020,Athena,3708.044463
353,8/26/2020,ColorPhone_K,128937.0771
354,8/26/2020,DogRaise_K,12684.508090000001
355,8/26/2020,FastClear_K,38422.15687
356,8/26/2020,Mars_K,146215.6139
357,8/26/2020,Normandy_K,81574.98865
358,8/26/2020,Optimizer_K,192477.5263
359,8/26/2020,PrivacyPowerPro_K,129805.34300000001
360,8/26/2020,Rat_K,10957.7349
361,8/26/2020,Space_K,282870.6802
362,8/26/2020,Speed_K,422.15511
363,8/26/2020,Walk_K,3269.515864
364,8/27/2020,500_K,139303.3571
365,8/27/2020,Amber_K,2950.728206
366,8/27/2020,Athena,3220.293721
367,8/27/2020,ColorPhone_K,127017.1812
368,8/27/2020,DogRaise_K,14436.047569999999
369,8/27/2020,FastClear_K,37256.51198
370,8/27/2020,Mars_K,152272.685
371,8/27/2020,Normandy_K,83198.32248999999
372,8/27/2020,Optimizer_K,183122.6631
373,8/27/2020,PrivacyPowerPro_K,123448.4383
374,8/27/2020,Rat_K,11756.785820000001
375,8/27/2020,Space_K,274756.2954
376,8/27/2020,Speed_K,423.70585
377,8/27/2020,Walk_K,3776.0274240000003
378,8/28/2020,500_K,139476.0471
379,8/28/2020,Amber_K,3412.974135
380,8/28/2020,Athena,3140.509468
381,8/28/2020,ColorPhone_K,135162.4945
382,8/28/2020,DogRaise_K,17802.01895
383,8/28/2020,FastClear_K,38810.98683
384,8/28/2020,Mars_K,154342.3074
385,8/28/2020,Normandy_K,81342.68587
386,8/28/2020,Optimizer_K,178107.9016
387,8/28/2020,PrivacyPowerPro_K,125070.171
388,8/28/2020,Rat_K,11527.896840000001
389,8/28/2020,Space_K,285284.38899999997
390,8/28/2020,Speed_K,417.9269088
391,8/28/2020,Walk_K,4703.940908
392,8/29/2020,500_K,133912.5133
393,8/29/2020,Amber_K,3612.6131600000003
394,8/29/2020,Athena,2557.849663
395,8/29/2020,ColorPhone_K,130586.8839
396,8/29/2020,DogRaise_K,18370.738269999998
397,8/29/2020,FastClear_K,41341.81395
398,8/29/2020,Mars_K,133639.1099
399,8/29/2020,Normandy_K,80325.12057999999
400,8/29/2020,Optimizer_K,174558.3812
401,8/29/2020,PrivacyPowerPro_K,123749.3155
402,8/29/2020,Rat_K,10903.21065
403,8/29/2020,Space_K,275092.7335
404,8/29/2020,Speed_K,392.22841800000003
405,8/29/2020,Walk_K,4526.658197
406,8/30/2020,500_K,130274.70599999999
407,8/30/2020,Amber_K,3116.050087
408,8/30/2020,Athena,2373.016214
409,8/30/2020,ColorPhone_K,129260.6893
410,8/30/2020,DogRaise_K,18041.23157
411,8/30/2020,FastClear_K,44922.48381000001
412,8/30/2020,Mars_K,127312.0414
413,8/30/2020,Normandy_K,74916.75031
414,8/30/2020,Optimizer_K,157738.3255
415,8/30/2020,PrivacyPowerPro_K,114711.1073
416,8/30/2020,Rat_K,9847.573517
417,8/30/2020,Space_K,269590.6089
418,8/30/2020,Speed_K,353.64405800000014
419,8/30/2020,Walk_K,4372.584552
420,8/31/2020,500_K,135341.2065
421,8/31/2020,Amber_K,3594.75955
422,8/31/2020,Athena,2124.617737
423,8/31/2020,ColorPhone_K,150991.1149
424,8/31/2020,DogRaise_K,16880.2441
425,8/31/2020,FastClear_K,49662.13379
426,8/31/2020,Mars_K,121745.4943
427,8/31/2020,Normandy_K,72772.81778
428,8/31/2020,Optimizer_K,142756.2229
429,8/31/2020,PrivacyPowerPro_K,111295.7424
430,8/31/2020,Rat_K,8027.872276000001
431,8/31/2020,Space_K,271477.7344
432,8/31/2020,Speed_K,430.48220939999993
433,8/31/2020,Walk_K,4818.958718
434,9/1/2020,500_K,103207.6771
435,9/1/2020,Amber_K,4116.796352
436,9/1/2020,Athena,2648.875296
437,9/1/2020,ColorPhone_K,140666.2104
438,9/1/2020,DogRaise_K,17864.25944
439,9/1/2020,FastClear_K,52446.91626000001
440,9/1/2020,Mars_K,121068.6176
441,9/1/2020,Normandy_K,72265.4835
442,9/1/2020,Optimizer_K,130459.8853
443,9/1/2020,PrivacyPowerPro_K,121559.005
444,9/1/2020,Rat_K,7204.840987000001
445,9/1/2020,Space_K,274676.3953
446,9/1/2020,Speed_K,384.5787065
447,9/1/2020,Walk_K,5896.234625
448,9/2/2020,500_K,97269.66153
449,9/2/2020,Amber_K,3936.2298880000003
450,9/2/2020,Athena,2531.227425
451,9/2/2020,ColorPhone_K,136472.0573
452,9/2/2020,DogRaise_K,16415.14546
453,9/2/2020,FastClear_K,44756.395939999995
454,9/2/2020,Mars_K,116916.0706
455,9/2/2020,Normandy_K,66887.60157
456,9/2/2020,Optimizer_K,126122.3092
457,9/2/2020,PrivacyPowerPro_K,123065.4788
458,9/2/2020,Rat_K,7999.188736
459,9/2/2020,Space_K,271949.9394
460,9/2/2020,Speed_K,379.4418474
461,9/2/2020,Walk_K,5701.695493
462,9/3/2020,500_K,97713.29439
463,9/3/2020,Amber_K,3671.829675
464,9/3/2020,Athena,2615.663760000001
465,9/3/2020,ColorPhone_K,142341.9144
466,9/3/2020,DogRaise_K,16991.70734
467,9/3/2020,FastClear_K,41658.2276
468,9/3/2020,Mars_K,118871.0636
469,9/3/2020,Normandy_K,66517.57476
470,9/3/2020,Optimizer_K,125614.4187
471,9/3/2020,PrivacyPowerPro_K,128081.16699999999
472,9/3/2020,Rat_K,7582.782153
473,9/3/2020,Space_K,273651.3431
474,9/3/2020,Speed_K,381.312365
475,9/3/2020,Walk_K,5872.28151
476,9/4/2020,500_K,103878.5886
477,9/4/2020,Amber_K,3251.085034
478,9/4/2020,Athena,2562.717521
479,9/4/2020,ColorPhone_K,139449.9987
480,9/4/2020,DogRaise_K,17054.789119999998
481,9/4/2020,FastClear_K,39354.28627
482,9/4/2020,Mars_K,113257.5373
483,9/4/2020,Normandy_K,63980.12575
484,9/4/2020,Optimizer_K,126751.8286
485,9/4/2020,PrivacyPowerPro_K,129558.5642
486,9/4/2020,Rat_K,8013.690243000001
487,9/4/2020,Space_K,277449.8039
488,9/4/2020,Speed_K,470.12553039999995
489,9/4/2020,Walk_K,7137.252159000002
490,9/5/2020,500_K,129437.1921
491,9/5/2020,Amber_K,2774.065834
492,9/5/2020,Apollo_K,0.0
493,9/5/2020,Athena,3070.463204
494,9/5/2020,ColorPhone_K,130870.603
495,9/5/2020,DogRaise_K,15622.485330000001
496,9/5/2020,FastClear_K,36607.52163
497,9/5/2020,Mars_K,118942.6283
498,9/5/2020,Normandy_K,65393.80412000001
499,9/5/2020,Optimizer_K,153257.5757
500,9/5/2020,PrivacyPowerPro_K,137588.03699999998
501,9/5/2020,Rat_K,7926.840572
502,9/5/2020,Space_K,288291.8484
503,9/5/2020,Speed_K,505.4441904
504,9/5/2020,Walk_K,7786.5952819999975
505,9/6/2020,500_K,126915.6114
506,9/6/2020,Amber_K,2563.46612
507,9/6/2020,Apollo_K,0.0
508,9/6/2020,Athena,3219.1765570000002
509,9/6/2020,ColorPhone_K,133919.3071
510,9/6/2020,DogRaise_K,12605.01892
511,9/6/2020,FastClear_K,34514.21477
512,9/6/2020,Mars_K,124964.9504
513,9/6/2020,Normandy_K,63914.93487999999
514,9/6/2020,Optimizer_K,141857.8307
515,9/6/2020,PrivacyPowerPro_K,134313.4522
516,9/6/2020,Rat_K,7535.965825
517,9/6/2020,Space_K,291203.8032
518,9/6/2020,Speed_K,464.150895
519,9/6/2020,Walk_K,8126.928053000002
520,9/7/2020,500_K,92958.92469
521,9/7/2020,Amber_K,2560.646651
522,9/7/2020,Apollo_K,0.0
523,9/7/2020,Athena,2669.9314050000007
524,9/7/2020,ColorPhone_K,136949.4998
525,9/7/2020,DogRaise_K,13336.74452
526,9/7/2020,FastClear_K,32745.287780000002
527,9/7/2020,Mars_K,119793.8775
528,9/7/2020,Normandy_K,61886.53897
529,9/7/2020,Optimizer_K,108264.8305
530,9/7/2020,PrivacyPowerPro_K,121019.0595
531,9/7/2020,Rat_K,6894.355603
532,9/7/2020,Space_K,272691.1902
533,9/7/2020,Speed_K,450.45245700000004
534,9/7/2020,Walk_K,8717.178387
535,9/8/2020,500_K,89211.41864
536,9/8/2020,Amber_K,2259.994964
537,9/8/2020,Apollo_K,0.11780109999999999
538,9/8/2020,Athena,2598.583375
539,9/8/2020,ColorPhone_K,139504.9302
540,9/8/2020,Cookie_K,0.16
541,9/8/2020,DogRaise_K,12686.23171
542,9/8/2020,FastClear_K,33530.29373
543,9/8/2020,Mars_K,115421.8336
544,9/8/2020,Normandy_K,61060.69712999999
545,9/8/2020,Optimizer_K,102854.056
546,9/8/2020,PrivacyPowerPro_K,125544.3479
547,9/8/2020,Rat_K,5856.485841
548,9/8/2020,Space_K,281772.4754
549,9/8/2020,Speed_K,397.4796288
550,9/8/2020,Walk_K,9230.142593
551,9/9/2020,500_K,98209.53917999999
552,9/9/2020,Amber_K,4273.118643
553,9/9/2020,Apollo_K,0.1317004
554,9/9/2020,Athena,2608.068085000001
555,9/9/2020,ColorPhone_K,153378.9038
556,9/9/2020,Cookie_K,0.07999980000000001
557,9/9/2020,DogRaise_K,13899.32705
558,9/9/2020,FastClear_K,36961.64445
559,9/9/2020,Mars_K,132998.7136
560,9/9/2020,Normandy_K,61948.16059
561,9/9/2020,Optimizer_K,104526.2651
562,9/9/2020,PrivacyPowerPro_K,131327.115
563,9/9/2020,Rat_K,5873.110375
564,9/9/2020,Space_K,310824.297
565,9/9/2020,Speed_K,388.4362278
566,9/9/2020,Walk_K,9605.2723
567,9/10/2020,500_K,90149.73751
568,9/10/2020,Amber_K,4556.272885
569,9/10/2020,Apollo_K,0.1345
570,9/10/2020,Athena,2790.538467000001
571,9/10/2020,ColorPhone_K,144234.7386
572,9/10/2020,Cookie_K,0.4600009
573,9/10/2020,DogRaise_K,12298.51224
574,9/10/2020,FastClear_K,33322.60522
575,9/10/2020,Mars_K,123006.6392
576,9/10/2020,Normandy_K,55314.95473
577,9/10/2020,Optimizer_K,99805.18534
578,9/10/2020,PrivacyPowerPro_K,121356.1484
579,9/10/2020,Rat_K,5287.009299
580,9/10/2020,Space_K,287792.8811
581,9/10/2020,Speed_K,787.1394834
582,9/10/2020,Walk_K,8365.980831
583,9/11/2020,500_K,99455.96097999999
584,9/11/2020,Amber_K,4822.159192
585,9/11/2020,Apollo_K,0.0176
586,9/11/2020,Athena,2824.504625
587,9/11/2020,ColorPhone_K,149074.6288
588,9/11/2020,Cookie_K,1.9400009999999999
589,9/11/2020,DogRaise_K,10916.4563
590,9/11/2020,FastClear_K,32484.249260000004
591,9/11/2020,Mars_K,115807.0741
592,9/11/2020,Normandy_K,52361.922510000004
593,9/11/2020,Optimizer_K,109579.1153
594,9/11/2020,PrivacyPowerPro_K,124817.0527
595,9/11/2020,Rat_K,6034.109508
596,9/11/2020,Space_K,298469.98600000003
597,9/11/2020,Speed_K,712.2328876
598,9/11/2020,Walk_K,8881.503057
599,9/12/2020,500_K,127362.789
600,9/12/2020,Amber_K,5127.666193
601,9/12/2020,Apollo_K,0.0052
602,9/12/2020,Athena,2698.8312100000007
603,9/12/2020,ColorPhone_K,143407.2702
604,9/12/2020,Cookie_K,0.0
605,9/12/2020,DogRaise_K,11438.79991
606,9/12/2020,FastClear_K,32658.120989999996
607,9/12/2020,Mars_K,122336.0639
608,9/12/2020,Normandy_K,49741.66872
609,9/12/2020,Optimizer_K,124834.7196
610,9/12/2020,PrivacyPowerPro_K,127315.1623
611,9/12/2020,Rat_K,6759.3676129999985
612,9/12/2020,Space_K,308056.3724
613,9/12/2020,Speed_K,715.7541325
614,9/12/2020,Walk_K,8396.833229
615,9/13/2020,500_K,120979.9304
616,9/13/2020,Amber_K,4972.560572
617,9/13/2020,Apollo_K,0.0018
618,9/13/2020,Athena,2561.0489039999998
619,9/13/2020,ColorPhone_K,140144.5224
620,9/13/2020,Cookie_K,0.06
621,9/13/2020,DogRaise_K,11907.23538
622,9/13/2020,FastClear_K,29680.124539999997
623,9/13/2020,Mars_K,114766.3383
624,9/13/2020,Normandy_K,42729.32682
625,9/13/2020,Optimizer_K,112404.2437
626,9/13/2020,PrivacyPowerPro_K,118004.0255
627,9/13/2020,Rat_K,6046.234393
628,9/13/2020,Space_K,294163.7833
629,9/13/2020,Speed_K,751.4024376
630,9/13/2020,Walk_K,7870.608420999999
631,9/14/2020,500_K,87738.54056000001
632,9/14/2020,Amber_K,6437.9112
633,9/14/2020,Apollo_K,0.0500001
634,9/14/2020,Athena,2902.868162
635,9/14/2020,ColorPhone_K,146743.7023
636,9/14/2020,Cookie_K,0.1
637,9/14/2020,DogRaise_K,10765.03351
638,9/14/2020,FastClear_K,28915.44028000001
639,9/14/2020,Mars_K,115253.9494
640,9/14/2020,Normandy_K,40194.7812
641,9/14/2020,Optimizer_K,92032.67906000001
642,9/14/2020,PrivacyPowerPro_K,106929.7988
643,9/14/2020,Rat_K,6142.362859000003
644,9/14/2020,Space_K,281453.5427
645,9/14/2020,Speed_K,770.676504
646,9/14/2020,Walk_K,7845.485198
647,9/15/2020,500_K,85541.0697
648,9/15/2020,Amber_K,7183.060259000001
649,9/15/2020,Apollo_K,7.028628
650,9/15/2020,Athena,3107.163726
651,9/15/2020,ColorPhone_K,147921.2865
652,9/15/2020,Cookie_K,0.27000050000000003
653,9/15/2020,DogRaise_K,12936.91363
654,9/15/2020,FastClear_K,29979.57138
655,9/15/2020,Mars_K,121481.3264
656,9/15/2020,Normandy_K,43968.14322
657,9/15/2020,Optimizer_K,108906.58
658,9/15/2020,PrivacyPowerPro_K,110971.4039
659,9/15/2020,Rat_K,6007.444277000001
660,9/15/2020,Space_K,298247.6056
661,9/15/2020,Speed_K,762.4109186000003
662,9/15/2020,Walk_K,10921.68794
663,9/16/2020,500_K,83962.18415
664,9/16/2020,Amber_K,6122.436406
665,9/16/2020,Apollo_K,2.0223104
666,9/16/2020,Athena,3416.868157
667,9/16/2020,ColorPhone_K,147348.0578
668,9/16/2020,Cookie_K,0.0
669,9/16/2020,DogRaise_K,13006.1622
670,9/16/2020,FastClear_K,30330.821239999997
671,9/16/2020,Mars_K,127162.9676
672,9/16/2020,Normandy_K,41540.87143
673,9/16/2020,Optimizer_K,113027.3565
674,9/16/2020,PrivacyPowerPro_K,108373.355
675,9/16/2020,Rat_K,5152.970131
676,9/16/2020,Space_K,293846.7983
677,9/16/2020,Speed_K,595.2478424999998
678,9/16/2020,Walk_K,12108.90932
679,9/17/2020,500_K,83113.58276
680,9/17/2020,Amber_K,5609.456532
681,9/17/2020,Apollo_K,2.4434937000000003
682,9/17/2020,Athena,4270.454989
683,9/17/2020,ColorPhone_K,145805.8299
684,9/17/2020,Cookie_K,0.6099995
685,9/17/2020,DogRaise_K,14755.57952
686,9/17/2020,FastClear_K,29051.088410000004
687,9/17/2020,Mars_K,170334.4542
688,9/17/2020,Normandy_K,38203.87728
689,9/17/2020,Optimizer_K,112980.2942
690,9/17/2020,PrivacyPowerPro_K,107343.4225
691,9/17/2020,Rat_K,5156.996314
692,9/17/2020,Space_K,301328.8766
693,9/17/2020,Speed_K,644.218908
694,9/17/2020,Walk_K,11895.50668
695,9/18/2020,500_K,90823.02663
696,9/18/2020,Amber_K,3904.370587
697,9/18/2020,Apollo_K,2.8925025
698,9/18/2020,Athena,4385.708336
699,9/18/2020,ColorPhone_K,138729.2347
700,9/18/2020,Cookie_K,72.2098584
701,9/18/2020,DogRaise_K,12880.03061
702,9/18/2020,FastClear_K,26498.142519999998
703,9/18/2020,Mars_K,167679.1261
704,9/18/2020,Normandy_K,36521.8503
705,9/18/2020,Optimizer_K,114346.5838
706,9/18/2020,PrivacyPowerPro_K,110383.7396
707,9/18/2020,Rat_K,4617.354761
708,9/18/2020,Space_K,317443.6799
709,9/18/2020,Speed_K,602.1281085
710,9/18/2020,Walk_K,10726.5992
711,9/19/2020,500_K,122015.8442
712,9/19/2020,Amber_K,3155.633319
713,9/19/2020,Apollo_K,6.5401947
714,9/19/2020,Athena,4603.33687
715,9/19/2020,ColorPhone_K,133196.0784
716,9/19/2020,Cookie_K,528.1315874
717,9/19/2020,DogRaise_K,13157.41951
718,9/19/2020,FastClear_K,25399.12739
719,9/19/2020,Mars_K,179300.61899999995
720,9/19/2020,Normandy_K,37211.29769
721,9/19/2020,Optimizer_K,135063.7409
722,9/19/2020,PrivacyPowerPro_K,115959.0179
723,9/19/2020,Rat_K,6392.522321
724,9/19/2020,Space_K,348130.4089
725,9/19/2020,Speed_K,508.38770539999996
726,9/19/2020,Walk_K,10606.2478
727,9/20/2020,500_K,117676.4673
728,9/20/2020,Amber_K,2885.355626
729,9/20/2020,Apollo_K,2619.42053
730,9/20/2020,Athena,5338.789657
731,9/20/2020,ColorPhone_K,129623.3295
732,9/20/2020,Cookie_K,533.9802128
733,9/20/2020,DogRaise_K,11155.78261
734,9/20/2020,FastClear_K,25176.83502
735,9/20/2020,Mars_K,179486.229
736,9/20/2020,Normandy_K,36548.82106
737,9/20/2020,Optimizer_K,118528.686
738,9/20/2020,PrivacyPowerPro_K,107969.2183
739,9/20/2020,Rat_K,8252.206188
740,9/20/2020,Space_K,341292.5734
741,9/20/2020,Speed_K,443.3830128000001
742,9/20/2020,Walk_K,10185.82635
743,9/21/2020,500_K,87928.04934
744,9/21/2020,Amber_K,2563.240276
745,9/21/2020,Apollo_K,6856.51932
746,9/21/2020,Athena,4905.53511
747,9/21/2020,ColorPhone_K,137641.49
748,9/21/2020,Cookie_K,864.3287207999997
749,9/21/2020,DogRaise_K,11608.19065
750,9/21/2020,FastClear_K,25568.38694
751,9/21/2020,Mars_K,177308.7141
752,9/21/2020,Normandy_K,35185.91261
753,9/21/2020,Optimizer_K,102422.0829
754,9/21/2020,PrivacyPowerPro_K,99544.07033999999
755,9/21/2020,Rat_K,11150.66309
756,9/21/2020,Space_K,333571.9527
757,9/21/2020,Speed_K,410.3544978
758,9/21/2020,Walk_K,10177.430059999999
759,9/22/2020,500_K,86336.80533999999
760,9/22/2020,Amber_K,2788.89147
761,9/22/2020,Apollo_K,18047.963519999998
762,9/22/2020,Athena,4123.043385
763,9/22/2020,ColorPhone_K,139627.6192
764,9/22/2020,Cookie_K,1675.520924
765,9/22/2020,DogRaise_K,12472.15985
766,9/22/2020,FastClear_K,26057.7481
767,9/22/2020,Mars_K,167095.9747
768,9/22/2020,Normandy_K,35235.89871
769,9/22/2020,Optimizer_K,105666.6527
770,9/22/2020,PrivacyPowerPro_K,95600.5724
771,9/22/2020,Rat_K,12988.81997
772,9/22/2020,Space_K,335370.7703
773,9/22/2020,Speed_K,398.9267868
774,9/22/2020,Walk_K,9220.154839
775,9/23/2020,500_K,84799.74297
776,9/23/2020,Amber_K,2858.4583989999996
777,9/23/2020,Apollo_K,46418.04651
778,9/23/2020,Athena,5314.979736
779,9/23/2020,ColorPhone_K,141539.9943
780,9/23/2020,Cookie_K,3499.1577939999997
781,9/23/2020,DogRaise_K,12662.713759999999
782,9/23/2020,FastClear_K,23224.846709999998
783,9/23/2020,Mars_K,176895.6733
784,9/23/2020,Normandy_K,35663.27105
785,9/23/2020,Optimizer_K,102251.6426
786,9/23/2020,PrivacyPowerPro_K,97495.19849
787,9/23/2020,Rat_K,14246.52835
788,9/23/2020,Space_K,330707.6701
789,9/23/2020,Speed_K,461.1925635
790,9/23/2020,Walk_K,9426.925541
791,9/24/2020,500_K,88001.09949
792,9/24/2020,Amber_K,2592.479476
793,9/24/2020,Apollo_K,88255.30677000002
794,9/24/2020,Athena,5465.204192
795,9/24/2020,ColorPhone_K,141023.4772
796,9/24/2020,Cookie_K,4595.439309
797,9/24/2020,DogRaise_K,12455.60918
798,9/24/2020,FastClear_K,22526.71513
799,9/24/2020,Mars_K,163392.4908
800,9/24/2020,Normandy_K,35213.19837
801,9/24/2020,Optimizer_K,100089.103
802,9/24/2020,PrivacyPowerPro_K,93508.40123999999
803,9/24/2020,Rat_K,14710.595140000001
804,9/24/2020,Space_K,333971.5498
805,9/24/2020,Speed_K,324.963984
806,9/24/2020,Walk_K,8629.513001000001
807,9/25/2020,500_K,93591.50532000001
808,9/25/2020,Amber_K,2494.346478
809,9/25/2020,Apollo_K,86295.39691
810,9/25/2020,Athena,5116.186422
811,9/25/2020,ColorPhone_K,145835.9668
812,9/25/2020,Cookie_K,6240.641
813,9/25/2020,DogRaise_K,12268.61353
814,9/25/2020,FastClear_K,22452.85714
815,9/25/2020,Mars_K,165188.5362
816,9/25/2020,Normandy_K,35864.968219999995
817,9/25/2020,Optimizer_K,110630.4032
818,9/25/2020,PrivacyPowerPro_K,98348.85444
819,9/25/2020,Rat_K,13474.53311
820,9/25/2020,Space_K,370859.3604
821,9/25/2020,Speed_K,262.44971830000003
822,9/25/2020,Walk_K,9156.104534999999
823,9/26/2020,500_K,118680.5788
824,9/26/2020,Amber_K,2373.336031
825,9/26/2020,Apollo_K,134059.6916
826,9/26/2020,Athena,5333.709355
827,9/26/2020,ColorPhone_K,137583.6504
828,9/26/2020,Cookie_K,12466.9594
829,9/26/2020,DogRaise_K,11825.461140000001
830,9/26/2020,FastClear_K,21437.89193
831,9/26/2020,Mars_K,172058.3315
832,9/26/2020,Normandy_K,35893.57492
833,9/26/2020,Optimizer_K,117596.2108
834,9/26/2020,PrivacyPowerPro_K,100263.4817
835,9/26/2020,Rat_K,13498.355090000001
836,9/26/2020,Space_K,395873.6363
837,9/26/2020,Speed_K,220.77799359999997
838,9/26/2020,Walk_K,7893.592272
839,9/27/2020,500_K,86093.7195
840,9/27/2020,Amber_K,3017.710796000001
841,9/27/2020,Apollo_K,152108.8221
842,9/27/2020,Athena,6243.734006000002
843,9/27/2020,ColorPhone_K,139375.7682
844,9/27/2020,Cookie_K,10282.016609999999
845,9/27/2020,DogRaise_K,11414.63805
846,9/27/2020,FastClear_K,20815.00364
847,9/27/2020,Mars_K,174660.8892
848,9/27/2020,Normandy_K,34909.98391
849,9/27/2020,Optimizer_K,97472.98985
850,9/27/2020,PrivacyPowerPro_K,83018.40508
851,9/27/2020,Rat_K,13568.293740000001
852,9/27/2020,Space_K,392757.0775
853,9/27/2020,Speed_K,218.2523616
854,9/27/2020,Walk_K,8306.175059000001
855,9/28/2020,500_K,85611.20057
856,9/28/2020,Amber_K,3678.168204
857,9/28/2020,Apollo_K,184182.937
858,9/28/2020,Athena,6225.215946
859,9/28/2020,ColorPhone_K,144706.7176
860,9/28/2020,Cookie_K,12797.86222
861,9/28/2020,DogRaise_K,13336.56542
862,9/28/2020,FastClear_K,21438.73226
863,9/28/2020,Mars_K,177220.6744
864,9/28/2020,Normandy_K,36417.1981
865,9/28/2020,Optimizer_K,94288.17046000001
866,9/28/2020,PrivacyPowerPro_K,85972.44253
867,9/28/2020,Rat_K,12756.817809999999
868,9/28/2020,Space_K,429982.5081
869,9/28/2020,Speed_K,228.12433199999998
870,9/28/2020,Walk_K,8875.626754
871,9/29/2020,500_K,89166.18208
872,9/29/2020,Amber_K,4207.272146
873,9/29/2020,Apollo_K,197729.8418
874,9/29/2020,Athena,6506.250594
875,9/29/2020,ColorPhone_K,153859.7463
876,9/29/2020,Cookie_K,15734.12487
877,9/29/2020,DogRaise_K,12271.13668
878,9/29/2020,FastClear_K,22276.14786
879,9/29/2020,Mars_K,176479.5752
880,9/29/2020,Normandy_K,37262.40079
881,9/29/2020,Optimizer_K,96521.07872
882,9/29/2020,PrivacyPowerPro_K,97850.04557999999
883,9/29/2020,Rat_K,12286.26627
884,9/29/2020,Space_K,482607.6065
885,9/29/2020,Speed_K,242.8712616
886,9/29/2020,Walk_K,9110.774954999999
887,9/30/2020,500_K,100392.7203
888,9/30/2020,Amber_K,3823.704631
889,9/30/2020,Apollo_K,168565.6458
890,9/30/2020,Athena,6306.174924
891,9/30/2020,ColorPhone_K,159773.0892
892,9/30/2020,Cookie_K,21017.04264
893,9/30/2020,DogRaise_K,10932.6761
894,9/30/2020,FastClear_K,22218.03733000001
895,9/30/2020,Mars_K,150910.8461
896,9/30/2020,Normandy_K,33860.40423
897,9/30/2020,Optimizer_K,101412.6279
898,9/30/2020,PrivacyPowerPro_K,103122.8814
899,9/30/2020,Rat_K,13742.834319999998
900,9/30/2020,Space_K,530723.4653
901,9/30/2020,Speed_K,185.9742775
902,9/30/2020,Walk_K,8376.528898
903,10/1/2020,500_K,133782.2573
904,10/1/2020,Amber_K,3823.6518869999995
905,10/1/2020,Apollo_K,183922.6297
906,10/1/2020,Athena,6162.728828
907,10/1/2020,ColorPhone_K,173908.4591
908,10/1/2020,Cookie_K,36071.35131000001
909,10/1/2020,DogRaise_K,12318.16112
910,10/1/2020,FastClear_K,22607.36114
911,10/1/2020,Mars_K,151802.1093
912,10/1/2020,Normandy_K,36355.52327
913,10/1/2020,Optimizer_K,125157.2617
914,10/1/2020,PrivacyPowerPro_K,113722.5497
915,10/1/2020,Rat_K,13153.60181
916,10/1/2020,Space_K,667479.7041
917,10/1/2020,Speed_K,214.52230640000002
918,10/1/2020,Walk_K,6890.211693000001
919,10/2/2020,500_K,119135.32
920,10/2/2020,Amber_K,4132.757245000002
921,10/2/2020,Apollo_K,203850.2511
922,10/2/2020,Athena,5807.066626
923,10/2/2020,ColorPhone_K,137338.3831
924,10/2/2020,Cookie_K,41945.80115
925,10/2/2020,DogRaise_K,13755.642380000001
926,10/2/2020,FastClear_K,21528.3825
927,10/2/2020,Mars_K,163648.5265
928,10/2/2020,Normandy_K,32080.58996
929,10/2/2020,Optimizer_K,113155.0189
930,10/2/2020,PrivacyPowerPro_K,98524.0751
931,10/2/2020,Rat_K,12450.27974
932,10/2/2020,Space_K,695325.7306
933,10/2/2020,Speed_K,365.44923670000003
934,10/2/2020,Walk_K,6555.673782
935,10/3/2020,500_K,115697.5208
936,10/3/2020,Amber_K,4212.30264
937,10/3/2020,Apollo_K,194721.2083
938,10/3/2020,Athena,5987.808724
939,10/3/2020,ColorPhone_K,128531.5857
940,10/3/2020,Cookie_K,39032.37965
941,10/3/2020,DogRaise_K,11743.3715
942,10/3/2020,FastClear_K,21335.04772
943,10/3/2020,Mars_K,168684.9848
944,10/3/2020,Normandy_K,28761.29266000001
945,10/3/2020,Optimizer_K,102445.5474
946,10/3/2020,PrivacyPowerPro_K,99343.91132
947,10/3/2020,Rat_K,10283.13278
948,10/3/2020,Space_K,694039.6639
949,10/3/2020,Speed_K,417.251333
950,10/3/2020,Walk_K,6465.490002000001
951,10/4/2020,500_K,113212.2358
952,10/4/2020,Amber_K,4281.164345
953,10/4/2020,Apollo_K,202562.9447
954,10/4/2020,Athena,5802.8221479999975
955,10/4/2020,ColorPhone_K,128714.6675
956,10/4/2020,Cookie_K,39790.38481
957,10/4/2020,DogRaise_K,12863.91845
958,10/4/2020,FastClear_K,20548.635130000002
959,10/4/2020,Mars_K,174372.9091
960,10/4/2020,Normandy_K,28451.318189999998
961,10/4/2020,Optimizer_K,99488.40802
962,10/4/2020,PrivacyPowerPro_K,94303.84548999999
963,10/4/2020,Rat_K,11301.95228
964,10/4/2020,Space_K,669406.7239
965,10/4/2020,Speed_K,379.01451860000003
966,10/4/2020,Walk_K,7204.10391
967,10/5/2020,500_K,110394.3056
968,10/5/2020,Amber_K,4298.81606
969,10/5/2020,Apollo_K,219328.5933
970,10/5/2020,Athena,6654.4399189999995
971,10/5/2020,ColorPhone_K,126907.3489
972,10/5/2020,Cookie_K,41298.41579
973,10/5/2020,DogRaise_K,11703.231440000001
974,10/5/2020,FastClear_K,20307.3875
975,10/5/2020,Mars_K,189262.6121
976,10/5/2020,Normandy_K,27358.97511000001
977,10/5/2020,Optimizer_K,99280.67152999999
978,10/5/2020,PrivacyPowerPro_K,102431.6468
979,10/5/2020,Rat_K,13184.92405
980,10/5/2020,Space_K,650300.8565
981,10/5/2020,Speed_K,465.90338219999995
982,10/5/2020,Walk_K,7150.599006999999
983,10/6/2020,500_K,108731.9409
984,10/6/2020,Amber_K,4263.796724
985,10/6/2020,Apollo_K,212610.3387
986,10/6/2020,Athena,7456.311187
987,10/6/2020,ColorPhone_K,123091.3932
988,10/6/2020,Cookie_K,40251.189289999995
989,10/6/2020,DogRaise_K,12992.12349
990,10/6/2020,FastClear_K,19773.61229
991,10/6/2020,Mars_K,186268.4258
992,10/6/2020,Normandy_K,26520.756680000002
993,10/6/2020,Optimizer_K,95584.42577
994,10/6/2020,PrivacyPowerPro_K,108386.5323
995,10/6/2020,Rat_K,15291.83672
996,10/6/2020,Space_K,638838.8554
997,10/6/2020,Speed_K,344.9595192
998,10/6/2020,Walk_K,7719.892006
999,10/7/2020,500_K,108088.3415
1000,10/7/2020,Amber_K,3888.101711
1001,10/7/2020,Apollo_K,219950.9366
1002,10/7/2020,Athena,7468.9616650000025
1003,10/7/2020,ColorPhone_K,124641.7219
1004,10/7/2020,Cookie_K,40597.27725
1005,10/7/2020,DogRaise_K,18229.801359999998
1006,10/7/2020,FastClear_K,19894.558680000002
1007,10/7/2020,Mars_K,182207.7839
1008,10/7/2020,Normandy_K,26282.59936
1009,10/7/2020,Optimizer_K,91272.29342999999
1010,10/7/2020,PrivacyPowerPro_K,103720.6546
1011,10/7/2020,Rat_K,14554.492740000005
1012,10/7/2020,Space_K,647689.4278
1013,10/7/2020,Speed_K,307.19302410000006
1014,10/7/2020,Walk_K,7985.464988
1015,10/8/2020,500_K,103146.3491
1016,10/8/2020,Amber_K,4253.351184
1017,10/8/2020,Apollo_K,218872.8454
1018,10/8/2020,Athena,7002.208956999999
1019,10/8/2020,ColorPhone_K,125286.4742
1020,10/8/2020,Cookie_K,37565.33632
1021,10/8/2020,DogRaise_K,21302.9593
1022,10/8/2020,FastClear_K,18791.9341
1023,10/8/2020,Mars_K,173809.8428
1024,10/8/2020,Normandy_K,25617.72638
1025,10/8/2020,Optimizer_K,91965.53096
1026,10/8/2020,PrivacyPowerPro_K,96689.52517000001
1027,10/8/2020,Rat_K,13859.651730000001
1028,10/8/2020,Space_K,621034.2414
1029,10/8/2020,Speed_K,318.5947848
1030,10/8/2020,Walk_K,8608.059077
1031,10/9/2020,500_K,72807.08421
1032,10/9/2020,Amber_K,4256.339394
1033,10/9/2020,Apollo_K,204881.2685
1034,10/9/2020,Athena,7071.582595
1035,10/9/2020,ColorPhone_K,126223.4766
1036,10/9/2020,Cookie_K,29538.110160000004
1037,10/9/2020,DogRaise_K,21594.263619999998
1038,10/9/2020,FastClear_K,17562.83928
1039,10/9/2020,Mars_K,167660.4119
1040,10/9/2020,Normandy_K,23980.94209
1041,10/9/2020,Optimizer_K,76004.24255
1042,10/9/2020,PrivacyPowerPro_K,90622.60665
1043,10/9/2020,Rat_K,14114.562280000002
1044,10/9/2020,Space_K,570845.1934
1045,10/9/2020,Speed_K,339.3635832
1046,10/9/2020,Walk_K,9201.431402
1047,10/10/2020,500_K,78176.60286
1048,10/10/2020,Amber_K,4626.273252
1049,10/10/2020,Apollo_K,187303.8899
1050,10/10/2020,Athena,6880.97963
1051,10/10/2020,ColorPhone_K,132211.86800000002
1052,10/10/2020,Cookie_K,33453.62973
1053,10/10/2020,DogRaise_K,25890.23198
1054,10/10/2020,FastClear_K,18450.0151
1055,10/10/2020,Mars_K,167127.8267
1056,10/10/2020,Normandy_K,24344.81095
1057,10/10/2020,Optimizer_K,58981.08571
1058,10/10/2020,PrivacyPowerPro_K,90422.44205
1059,10/10/2020,Rat_K,14665.644859999999
1060,10/10/2020,Space_K,552828.9226
1061,10/10/2020,Speed_K,296.5201805000001
1062,10/10/2020,Walk_K,8949.692231
1063,10/11/2020,500_K,88736.21689
1064,10/11/2020,Amber_K,4674.235417
1065,10/11/2020,Apollo_K,183062.03100000002
1066,10/11/2020,Athena,6100.929462
1067,10/11/2020,ColorPhone_K,115792.2061
1068,10/11/2020,Cookie_K,42847.95142
1069,10/11/2020,DogRaise_K,24343.18596
1070,10/11/2020,FastClear_K,17044.777159999998
1071,10/11/2020,Mars_K,169231.8015
1072,10/11/2020,Normandy_K,24775.505830000002
1073,10/11/2020,Optimizer_K,49912.2836
1074,10/11/2020,PrivacyPowerPro_K,86564.13927999999
1075,10/11/2020,Rat_K,13420.61083
1076,10/11/2020,Space_K,511234.0026
1077,10/11/2020,Speed_K,234.72086549999997
1078,10/11/2020,Walk_K,9083.851018000001
1079,10/12/2020,500_K,64904.12217
1080,10/12/2020,Amber_K,4294.671625
1081,10/12/2020,Apollo_K,170526.9371
1082,10/12/2020,Athena,4574.366339
1083,10/12/2020,ColorPhone_K,116053.6607
1084,10/12/2020,Cookie_K,28774.37059
1085,10/12/2020,DogRaise_K,21811.6144
1086,10/12/2020,FastClear_K,16030.261219999999
1087,10/12/2020,Mars_K,132966.9936
1088,10/12/2020,Normandy_K,24149.16709
1089,10/12/2020,Optimizer_K,44823.79412
1090,10/12/2020,Poseidon_K,0.06
1091,10/12/2020,PrivacyPowerPro_K,73889.36997
1092,10/12/2020,Rat_K,14066.41651
1093,10/12/2020,Space_K,481578.4647
1094,10/12/2020,Speed_K,251.84239440000002
1095,10/12/2020,Walk_K,8826.360747
1096,10/13/2020,500_K,62312.43055
1097,10/13/2020,Amber_K,4632.791948
1098,10/13/2020,Apollo_K,195538.3583
1099,10/13/2020,Athena,5847.781449
1100,10/13/2020,ColorPhone_K,114463.5649
1101,10/13/2020,Cookie_K,26716.01839
1102,10/13/2020,DogRaise_K,26722.401980000002
1103,10/13/2020,FastClear_K,15985.23772
1104,10/13/2020,Mars_K,161082.7902
1105,10/13/2020,Normandy_K,23504.39664
1106,10/13/2020,Optimizer_K,61119.80613
1107,10/13/2020,Poseidon_K,1.0500083999999998
1108,10/13/2020,PrivacyPowerPro_K,72417.96247
1109,10/13/2020,Rat_K,16077.67799
1110,10/13/2020,Space_K,499773.2397
1111,10/13/2020,Speed_K,279.1636322
1112,10/13/2020,Walk_K,9640.768703
1113,10/14/2020,500_K,59512.27445
1114,10/14/2020,Amber_K,4876.31372
1115,10/14/2020,Apollo_K,213012.7365
1116,10/14/2020,Athena,6510.3842509999995
1117,10/14/2020,ColorPhone_K,112640.112
1118,10/14/2020,Cookie_K,26180.73365
1119,10/14/2020,DogRaise_K,24377.42166
1120,10/14/2020,FastClear_K,16343.303569999998
1121,10/14/2020,Mars_K,163304.9483
1122,10/14/2020,Normandy_K,25728.3395
1123,10/14/2020,Optimizer_K,71602.74075
1124,10/14/2020,Poseidon_K,1.7499871999999999
1125,10/14/2020,PrivacyPowerPro_K,71862.56838
1126,10/14/2020,Rat_K,14922.6941
1127,10/14/2020,Space_K,487537.4183
1128,10/14/2020,Speed_K,244.846337
1129,10/14/2020,Walk_K,8589.673992
1130,10/15/2020,500_K,61064.277389999996
1131,10/15/2020,Amber_K,4766.519808
1132,10/15/2020,Apollo_K,196531.3281
1133,10/15/2020,Athena,5752.986813
1134,10/15/2020,ColorPhone_K,116923.2907
1135,10/15/2020,Cookie_K,28227.94367
1136,10/15/2020,DogRaise_K,21476.309080000006
1137,10/15/2020,FastClear_K,15898.47685
1138,10/15/2020,Mars_K,172878.3596
1139,10/15/2020,Normandy_K,27526.006789999996
1140,10/15/2020,Optimizer_K,69862.62969
1141,10/15/2020,Poseidon_K,0.5500031999999999
1142,10/15/2020,PrivacyPowerPro_K,69694.859
1143,10/15/2020,Rat_K,12843.38404
1144,10/15/2020,Space_K,464960.3978
1145,10/15/2020,Speed_K,279.008382
1146,10/15/2020,Walk_K,7843.520617
1147,10/16/2020,500_K,65758.9819
1148,10/16/2020,Amber_K,5838.615540999999
1149,10/16/2020,Apollo_K,196385.7742
1150,10/16/2020,Athena,4947.6283090000015
1151,10/16/2020,ColorPhone_K,107123.3961
1152,10/16/2020,Cookie_K,33877.5228
1153,10/16/2020,DogRaise_K,22974.92681
1154,10/16/2020,FastClear_K,15722.3501
1155,10/16/2020,Mars_K,156010.8568
1156,10/16/2020,Normandy_K,27669.46775
1157,10/16/2020,Optimizer_K,69084.46871
1158,10/16/2020,Poseidon_K,246.21918880000004
1159,10/16/2020,PrivacyPowerPro_K,68925.88398
1160,10/16/2020,Rat_K,15472.616409999999
1161,10/16/2020,Space_K,440200.0021
1162,10/16/2020,Speed_K,302.394366
1163,10/16/2020,Walk_K,7364.687148
1164,10/17/2020,500_K,88574.41546
1165,10/17/2020,Amber_K,5956.2805579999995
1166,10/17/2020,Apollo_K,197969.3944
1167,10/17/2020,Athena,5508.02264
1168,10/17/2020,ColorPhone_K,96802.73296000001
1169,10/17/2020,Cookie_K,47115.5397
1170,10/17/2020,DogRaise_K,20592.15685
1171,10/17/2020,FastClear_K,15416.15924
1172,10/17/2020,Mars_K,158410.8919
1173,10/17/2020,Normandy_K,27453.46849
1174,10/17/2020,Optimizer_K,77662.30156
1175,10/17/2020,Poseidon_K,6554.112364
1176,10/17/2020,PrivacyPowerPro_K,71681.83222000001
1177,10/17/2020,Rat_K,15593.25935
1178,10/17/2020,Space_K,419152.9554
1179,10/17/2020,Speed_K,197.9627208
1180,10/17/2020,Walk_K,5759.082945
1181,10/18/2020,500_K,79805.89778
1182,10/18/2020,Amber_K,6296.998789
1183,10/18/2020,Apollo_K,184819.3097
1184,10/18/2020,Athena,6243.58318
1185,10/18/2020,ColorPhone_K,91152.86308
1186,10/18/2020,Cookie_K,42884.54338
1187,10/18/2020,DogRaise_K,17437.38986
1188,10/18/2020,FastClear_K,14790.5033
1189,10/18/2020,Mars_K,151590.7937
1190,10/18/2020,Normandy_K,30290.08842
1191,10/18/2020,Optimizer_K,71548.25685
1192,10/18/2020,Poseidon_K,9654.447317
1193,10/18/2020,PrivacyPowerPro_K,66769.55735
1194,10/18/2020,Rat_K,16604.29868
1195,10/18/2020,Space_K,383850.208
1196,10/18/2020,Speed_K,214.023524
1197,10/18/2020,Walk_K,6286.132178
1198,10/19/2020,500_K,56747.14531
1199,10/19/2020,Amber_K,5367.771651
1200,10/19/2020,Apollo_K,188864.87
1201,10/19/2020,Athena,5257.796407
1202,10/19/2020,ColorPhone_K,100660.556
1203,10/19/2020,Cookie_K,29891.22222
1204,10/19/2020,DogRaise_K,17159.03282
1205,10/19/2020,FastClear_K,14737.33635
1206,10/19/2020,Mars_K,151205.0501
1207,10/19/2020,Normandy_K,31786.30828
1208,10/19/2020,Optimizer_K,62159.770979999994
1209,10/19/2020,Poseidon_K,10238.479290000001
1210,10/19/2020,PrivacyPowerPro_K,63020.18061
1211,10/19/2020,Rat_K,27063.14275
1212,10/19/2020,Space_K,351578.3324
1213,10/19/2020,Speed_K,229.3213056
1214,10/19/2020,Walk_K,6643.115428
1215,10/20/2020,500_K,57372.7668
1216,10/20/2020,Amber_K,5028.076009
1217,10/20/2020,Apollo_K,194234.645
1218,10/20/2020,Athena,5042.006461
1219,10/20/2020,ColorPhone_K,107023.3483
1220,10/20/2020,Cookie_K,27433.30664
1221,10/20/2020,DogRaise_K,17145.7605
1222,10/20/2020,FastClear_K,15609.478180000002
1223,10/20/2020,Mars_K,155788.8982
1224,10/20/2020,Normandy_K,29815.53355
1225,10/20/2020,Optimizer_K,62539.98881
1226,10/20/2020,Poseidon_K,18880.50172
1227,10/20/2020,PrivacyPowerPro_K,69522.17429
1228,10/20/2020,Rat_K,43645.46109
1229,10/20/2020,Space_K,356231.4969
1230,10/20/2020,Speed_K,839.758744
1231,10/20/2020,Walk_K,6627.692244
1232,10/21/2020,500_K,56867.64026
1233,10/21/2020,Amber_K,6497.040867000002
1234,10/21/2020,Apollo_K,181545.8443
1235,10/21/2020,Athena,4580.852109
1236,10/21/2020,ColorPhone_K,106969.8904
1237,10/21/2020,Cookie_K,29139.80879
1238,10/21/2020,DogRaise_K,15264.392769999999
1239,10/21/2020,FastClear_K,15532.78911
1240,10/21/2020,Mars_K,149118.0029
1241,10/21/2020,Normandy_K,28866.67725
1242,10/21/2020,Optimizer_K,65623.86055
1243,10/21/2020,Poseidon_K,28619.14665
1244,10/21/2020,PrivacyPowerPro_K,69595.21795
1245,10/21/2020,Rat_K,59144.99656
1246,10/21/2020,Space_K,353112.2991
1247,10/21/2020,Speed_K,990.7572812999999
1248,10/21/2020,Walk_K,7027.99599
1249,10/22/2020,500_K,55002.33522000001
1250,10/22/2020,Amber_K,7021.286238
1251,10/22/2020,Apollo_K,213192.3971
1252,10/22/2020,Athena,4520.468162
1253,10/22/2020,ColorPhone_K,101782.6644
1254,10/22/2020,Cookie_K,30950.649960000002
1255,10/22/2020,DogRaise_K,34678.78384
1256,10/22/2020,FastClear_K,14677.71995
1257,10/22/2020,Mars_K,188757.9427
1258,10/22/2020,Normandy_K,34870.508969999995
1259,10/22/2020,Optimizer_K,61822.01554
1260,10/22/2020,Poseidon_K,39273.73806
1261,10/22/2020,PrivacyPowerPro_K,71122.17011
1262,10/22/2020,Rat_K,90716.10779
1263,10/22/2020,Space_K,378604.11100000003
1264,10/22/2020,Speed_K,903.9225799000001
1265,10/22/2020,Walk_K,11419.548040000001
1266,10/23/2020,500_K,64455.53696000001
1267,10/23/2020,Amber_K,6930.454765
1268,10/23/2020,Apollo_K,255474.3825
1269,10/23/2020,Athena,4498.315269
1270,10/23/2020,ColorPhone_K,102809.8892
1271,10/23/2020,Cookie_K,35608.027519999996
1272,10/23/2020,DogRaise_K,40128.4878
1273,10/23/2020,FastClear_K,13141.68731
1274,10/23/2020,Mars_K,207498.8694
1275,10/23/2020,Normandy_K,33462.99492
1276,10/23/2020,Optimizer_K,60958.68916
1277,10/23/2020,Poseidon_K,32275.67218
1278,10/23/2020,PrivacyPowerPro_K,69283.5072
1279,10/23/2020,Rat_K,117060.7415
1280,10/23/2020,Space_K,374893.8882
1281,10/23/2020,Speed_K,492.9060975
1282,10/23/2020,Walk_K,13943.278
1283,10/24/2020,500_K,75277.72218
1284,10/24/2020,Amber_K,6535.3347950000025
1285,10/24/2020,Apollo_K,294985.9396
1286,10/24/2020,Athena,4107.361807
1287,10/24/2020,ColorPhone_K,94233.04802999999
1288,10/24/2020,Cookie_K,35946.22341000001
1289,10/24/2020,DogRaise_K,39882.9964
1290,10/24/2020,FastClear_K,13399.52534
1291,10/24/2020,Mars_K,233350.1366
1292,10/24/2020,Normandy_K,29871.377160000004
1293,10/24/2020,Optimizer_K,71712.39891
1294,10/24/2020,Poseidon_K,34310.14506
1295,10/24/2020,PrivacyPowerPro_K,75852.61957000001
1296,10/24/2020,Rat_K,137596.4572
1297,10/24/2020,Space_K,380344.6053
1298,10/24/2020,Speed_K,384.5422208
1299,10/24/2020,Walk_K,11961.4139
1300,10/25/2020,500_K,69072.44892000001
1301,10/25/2020,Amber_K,6898.987368000001
1302,10/25/2020,Apollo_K,268432.1055
1303,10/25/2020,Athena,4070.886204
1304,10/25/2020,ColorPhone_K,94782.22685
1305,10/25/2020,Cookie_K,30089.66618
1306,10/25/2020,DogRaise_K,41037.68606
1307,10/25/2020,FastClear_K,13270.2563
1308,10/25/2020,Mars_K,243184.50100000002
1309,10/25/2020,Normandy_K,28597.2768
1310,10/25/2020,Optimizer_K,71390.83786
1311,10/25/2020,Poseidon_K,33903.2943
1312,10/25/2020,PrivacyPowerPro_K,73337.59605
1313,10/25/2020,Rat_K,144827.8071
1314,10/25/2020,Space_K,360365.7951
1315,10/25/2020,Speed_K,398.88976230000003
1316,10/25/2020,Walk_K,12259.58561
1317,10/26/2020,500_K,51730.28276
1318,10/26/2020,Speed_K,506.7623365
1319,10/26/2020,Space_K,339626.3542
1320,10/26/2020,Rat_K,145397.8421
1321,10/26/2020,PrivacyPowerPro_K,73866.67804
1322,10/26/2020,Poseidon_K,36278.31423
1323,10/26/2020,Optimizer_K,62929.272829999994
1324,10/26/2020,Normandy_K,27722.657310000002
1325,10/26/2020,Walk_K,12220.47819
1326,10/26/2020,FastClear_K,12983.68059
1327,10/26/2020,DogRaise_K,41477.80827
1328,10/26/2020,Mars_K,255648.6599
1329,10/26/2020,Cookie_K,20476.44512
1330,10/26/2020,Amber_K,7051.7026129999995
1331,10/26/2020,ColorPhone_K,95702.13117000001
1332,10/26/2020,Athena,4086.533341
1333,10/26/2020,Apollo_K,263150.1107
1334,10/27/2020,Speed_K,460.570925
1335,10/27/2020,500_K,51258.41711
1336,10/27/2020,Space_K,334589.9769
1337,10/27/2020,Rat_K,137976.8963
1338,10/27/2020,Amber_K,7219.809792
1339,10/27/2020,PrivacyPowerPro_K,73633.97501000001
1340,10/27/2020,Poseidon_K,41067.75108
1341,10/27/2020,Apollo_K,253377.7184
1342,10/27/2020,Optimizer_K,62404.59813
1343,10/27/2020,Normandy_K,29463.38442
1344,10/27/2020,Athena,4404.001635000001
1345,10/27/2020,Mars_K,253463.9116
1346,10/27/2020,LuckyDog_K,0.3800004
1347,10/27/2020,FastClear_K,12830.961729999999
1348,10/27/2020,ColorPhone_K,91936.80003
1349,10/27/2020,DogRaise_K,39309.48408
1350,10/27/2020,Cookie_K,18869.84935
1351,10/27/2020,Walk_K,16895.815759999998
1352,10/28/2020,500_K,51383.753880000004
1353,10/28/2020,Space_K,341411.8848
1354,10/28/2020,Rat_K,140085.0385
1355,10/28/2020,PrivacyPowerPro_K,76774.13692
1356,10/28/2020,Poseidon_K,44088.9167
1357,10/28/2020,Optimizer_K,63636.30431
1358,10/28/2020,Normandy_K,31752.56751
1359,10/28/2020,Mars_K,258785.3422
1360,10/28/2020,LuckyDog_K,4.120013
1361,10/28/2020,FastClear_K,12766.83884
1362,10/28/2020,DogRaise_K,36792.68509
1363,10/28/2020,Cookie_K,18846.86473
1364,10/28/2020,ColorPhone_K,102300.9674
1365,10/28/2020,Athena,4088.344907
1366,10/28/2020,Apollo_K,239899.4107
1367,10/28/2020,Amber_K,7179.045565
1368,10/28/2020,Speed_K,411.3560787
1369,10/28/2020,Walk_K,21851.54352
1370,10/29/2020,500_K,55381.8606
1371,10/29/2020,Space_K,341653.2069
1372,10/29/2020,River_K,4.4299943
1373,10/29/2020,Rat_K,137690.2829
1374,10/29/2020,PrivacyPowerPro_K,82525.5472
1375,10/29/2020,Poseidon_K,52040.12705
1376,10/29/2020,Optimizer_K,64998.181079999995
1377,10/29/2020,Normandy_K,30996.55458
1378,10/29/2020,Speed_K,400.8607944
1379,10/29/2020,Mars_K,266635.0593
1380,10/29/2020,FastClear_K,13719.323330000001
1381,10/29/2020,DogRaise_K,34663.686630000004
1382,10/29/2020,Cookie_K,19598.70343
1383,10/29/2020,ColorPhone_K,109311.0304
1384,10/29/2020,Athena,3755.608189
1385,10/29/2020,Apollo_K,238511.7006
1386,10/29/2020,Amber_K,7076.102318000001
1387,10/29/2020,LuckyDog_K,1.8099900000000002
1388,10/29/2020,Walk_K,25862.08058
1389,10/30/2020,500_K,70129.37903
1390,10/30/2020,Space_K,354857.5368
1391,10/30/2020,River_K,9.400003199999999
1392,10/30/2020,Rat_K,151861.7828
1393,10/30/2020,PrivacyPowerPro_K,87350.58251000001
1394,10/30/2020,Poseidon_K,53130.3229
1395,10/30/2020,Optimizer_K,70585.24584
1396,10/30/2020,Normandy_K,30188.27202
1397,10/30/2020,Speed_K,468.81117019999994
1398,10/30/2020,Mars_K,280934.4638
1399,10/30/2020,FastClear_K,14915.58266
1400,10/30/2020,DogRaise_K,36101.96373
1401,10/30/2020,Cookie_K,22744.21945
1402,10/30/2020,ColorPhone_K,120562.5494
1403,10/30/2020,Athena,3814.2299659999994
1404,10/30/2020,Apollo_K,226902.8837
1405,10/30/2020,Amber_K,7028.5034
1406,10/30/2020,LuckyDog_K,7.090002900000001
1407,10/30/2020,Walk_K,23330.397559999998
1408,10/31/2020,500_K,85836.12796
1409,10/31/2020,Speed_K,600.1590413
1410,10/31/2020,Space_K,375281.9531
1411,10/31/2020,River_K,1.4199993999999998
1412,10/31/2020,Rat_K,156553.3163
1413,10/31/2020,PrivacyPowerPro_K,91368.33464
1414,10/31/2020,Poseidon_K,54300.95879
1415,10/31/2020,Optimizer_K,80169.05095
1416,10/31/2020,Normandy_K,30017.791989999998
1417,10/31/2020,Walk_K,21313.63955
1418,10/31/2020,LuckyDog_K,621.1203644999998
1419,10/31/2020,FastClear_K,15291.53096
1420,10/31/2020,Mars_K,304910.1299
1421,10/31/2020,Athena,3946.683543
1422,10/31/2020,Cookie_K,29439.750519999998
1423,10/31/2020,Amber_K,8212.593427
1424,10/31/2020,ColorPhone_K,121199.5885
1425,10/31/2020,Apollo_K,247280.4878
1426,10/31/2020,DogRaise_K,33487.7323
1427,11/1/2020,Speed_K,386.0144298
1428,11/1/2020,500_K,97548.97394
1429,11/1/2020,Space_K,450109.7924
1430,11/1/2020,Amber_K,10322.78323
1431,11/1/2020,Rat_K,173111.3021
1432,11/1/2020,PrivacyPowerPro_K,99688.34468
1433,11/1/2020,Apollo_K,319809.2944
1434,11/1/2020,DogRaise_K,35866.45158
1435,11/1/2020,Optimizer_K,83932.64065
1436,11/1/2020,Athena,4640.232534000002
1437,11/1/2020,Normandy_K,36628.04483
1438,11/1/2020,Mars_K,383894.2189
1439,11/1/2020,ColorPhone_K,155636.6309
1440,11/1/2020,LuckyDog_K,15118.65505
1441,11/1/2020,FastClear_K,21791.74613
1442,11/1/2020,Cookie_K,33908.210289999995
1443,11/1/2020,Poseidon_K,58702.08305
1444,11/1/2020,Walk_K,28122.050769999998
1445,,,
1446,,,
1447,,,
1448,,,
1449,,,
1450,,,
1451,,,
1452,,,
1453,,,
1454,,,
1455,,,
1456,,,
1457,,,
1458,,,
1459,,,
1460,,,
1461,,,
1462,,,
1463,,,
1464,2020-11-02,500_K,54941.8373829
1465,2020-11-02,Space_K,363109.18182759994
1466,2020-11-02,River_K,0.1199996
1467,2020-11-02,Rat_K,123996.75579379998
1468,2020-11-02,PrivacyPowerPro_K,78098.79179819999
1469,2020-11-02,Poseidon_K,39907.3234485
1470,2020-11-02,Optimizer_K,64188.9150365
1471,2020-11-02,Normandy_K,28891.4337477
1472,2020-11-02,Speed_K,374.7402756
1473,2020-11-02,Mars_K,312801.199128
1474,2020-11-02,FastClear_K,16222.5034088
1475,2020-11-02,DogRaise_K,26509.2972144
1476,2020-11-02,Cookie_K,16446.8912433
1477,2020-11-02,ColorPhone_K,125946.61335050002
1478,2020-11-02,Athena,3650.644192
1479,2020-11-02,Apollo_K,234118.924536
1480,2020-11-02,Amber_K,7525.078848800003
1481,2020-11-02,LuckyDog_K,14783.0273278
1482,2020-11-02,Walk_K,18212.864931099997
1483,2020-11-03,500_K,52890.4180704
1484,2020-11-03,Space_K,341569.4418045
1485,2020-11-03,River_K,3.020002
1486,2020-11-03,Rat_K,112374.393432
1487,2020-11-03,PrivacyPowerPro_K,72761.8546908
1488,2020-11-03,Poseidon_K,40151.6494594
1489,2020-11-03,Optimizer_K,54986.29761330001
1490,2020-11-03,Normandy_K,25937.8260024
1491,2020-11-03,Speed_K,457.7638856
1492,2020-11-03,Mars_K,320606.7396378
1493,2020-11-03,FastClear_K,15457.0378369
1494,2020-11-03,DogRaise_K,23846.825740000004
1495,2020-11-03,Cookie_K,14865.088129499998
1496,2020-11-03,ColorPhone_K,130552.8169033
1497,2020-11-03,Athena,3308.5036036
1498,2020-11-03,Apollo_K,221971.17624979996
1499,2020-11-03,Amber_K,7185.8190036
1500,2020-11-03,LuckyDog_K,15486.4749312
1501,2020-11-03,Walk_K,16912.8505494
1502,2020-11-04,500_K,53240.9730904
1503,2020-11-04,Space_K,373337.888322
1504,2020-11-04,River_K,1847.871896
1505,2020-11-04,Rat_K,103063.1406
1506,2020-11-04,PrivacyPowerPro_K,67672.9944975
1507,2020-11-04,Poseidon_K,37718.086403
1508,2020-11-04,Optimizer_K,61657.4220024
1509,2020-11-04,Normandy_K,23837.645392600003
1510,2020-11-04,Speed_K,309.61969060000007
1511,2020-11-04,Mars_K,324681.2026378
1512,2020-11-04,FastClear_K,14917.829962000002
1513,2020-11-04,DogRaise_K,22759.0824573
1514,2020-11-04,Cookie_K,16153.6020672
1515,2020-11-04,ColorPhone_K,131238.83856
1516,2020-11-04,Athena,3232.3516122
1517,2020-11-04,Apollo_K,209347.2519372
1518,2020-11-04,Amber_K,4353.1061517
1519,2020-11-04,LuckyDog_K,19930.444047599998
1520,2020-11-04,Walk_K,15601.540416000002
1521,2020-11-05,500_K,53734.4505984
1522,2020-11-05,Space_K,385277.2170471
1523,2020-11-05,River_K,4160.7468758
1524,2020-11-05,Rat_K,89720.89393939998
1525,2020-11-05,PrivacyPowerPro_K,64374.19521659999
1526,2020-11-05,Poseidon_K,37483.0452227
1527,2020-11-05,Optimizer_K,53634.8980013
1528,2020-11-05,Normandy_K,23598.183357700003
1529,2020-11-05,Speed_K,424.79569800000013
1530,2020-11-05,Mars_K,309157.19172749994
1531,2020-11-05,FastClear_K,14758.6337437
1532,2020-11-05,DogRaise_K,23428.67593500001
1533,2020-11-05,Cookie_K,16143.224176499998
1534,2020-11-05,ColorPhone_K,126962.64964980002
1535,2020-11-05,Athena,3916.1717727
1536,2020-11-05,Apollo_K,249225.00030679998
1537,2020-11-05,Amber_K,3196.8076248
1538,2020-11-05,LuckyDog_K,31785.2571577
1539,2020-11-05,Walk_K,14585.4826944
1540,2020-11-06,500_K,59706.9512315
1541,2020-11-06,Normandy_K,25875.5952519
1542,2020-11-06,LuckyDog_K,70933.13240290001
1543,2020-11-06,Optimizer_K,59746.404061199995
1544,2020-11-06,FastClear_K,15291.28912
1545,2020-11-06,Poseidon_K,33767.993795200004
1546,2020-11-06,DogRaise_K,21439.5261213
1547,2020-11-06,PrivacyPowerPro_K,67575.98558190001
1548,2020-11-06,Cookie_K,19234.2191311
1549,2020-11-06,ColorPhone_K,132326.79814899998
1550,2020-11-06,Rat_K,82220.41201480001
1551,2020-11-06,Mars_K,263001.1256209
1552,2020-11-06,Athena,3422.8949220000004
1553,2020-11-06,Walk_K,13497.887175
1554,2020-11-06,Space_K,404321.6246615
1555,2020-11-06,Amber_K,2762.2872465
1556,2020-11-06,Apollo_K,301889.98306
1557,2020-11-06,River_K,6296.4167994
1558,2020-11-06,Speed_K,406.01795960000004
1559,2020-11-07,Speed_K,363.147786
1560,2020-11-07,Normandy_K,29635.202709599995
1561,2020-11-07,Rat_K,78221.44544760001
1562,2020-11-07,Poseidon_K,34098.41928150001
1563,2020-11-07,River_K,7101.0313803
1564,2020-11-07,PrivacyPowerPro_K,70872.49166799999
1565,2020-11-07,Walk_K,12395.4302445
1566,2020-11-07,Optimizer_K,68946.1951052
1567,2020-11-07,Space_K,445249.6957866
1568,2020-11-07,Mars_K,250089.4344796
1569,2020-11-07,ColorPhone_K,132299.7833726
1570,2020-11-07,LuckyDog_K,92325.4529725
1571,2020-11-07,500_K,75203.7743211
1572,2020-11-07,FastClear_K,17209.5063621
1573,2020-11-07,Amber_K,2423.3832531000007
1574,2020-11-07,DogRaise_K,18923.0265414
1575,2020-11-07,Cookie_K,24021.652165000003
1576,2020-11-07,Apollo_K,328476.9692036
1577,2020-11-07,Athena,3649.6672399999998
1578,2020-11-08,Speed_K,283.10451300000005
1579,2020-11-08,500_K,69370.2773775
1580,2020-11-08,Space_K,444617.68363740004
1581,2020-11-08,Amber_K,2148.7056228
1582,2020-11-08,River_K,6592.918987200002
1583,2020-11-08,Apollo_K,300522.82758120005
1584,2020-11-08,Mars_K,231733.80738800002
1585,2020-11-08,Athena,3140.6190075000004
1586,2020-11-08,LuckyDog_K,62895.9452
1587,2020-11-08,PrivacyPowerPro_K,64757.88618000001
1588,2020-11-08,ColorPhone_K,130133.170332
1589,2020-11-08,Poseidon_K,31957.028334
1590,2020-11-08,Cookie_K,22374.6538158
1591,2020-11-08,Optimizer_K,60763.1380905
1592,2020-11-08,DogRaise_K,16605.4768936
1593,2020-11-08,Normandy_K,29000.136848600014
1594,2020-11-08,FastClear_K,16803.2252502
1595,2020-11-08,Rat_K,71905.4831572
1596,2020-11-08,Walk_K,12077.79538
1597,2020-11-09,500_K,53416.8058542
1598,2020-11-09,Space_K,444828.14040320006
1599,2020-11-09,River_K,8340.47712
1600,2020-11-09,Rat_K,70371.2300868
1601,2020-11-09,PrivacyPowerPro_K,62013.624268199994
1602,2020-11-09,Poseidon_K,32362.8820866
1603,2020-11-09,Optimizer_K,55392.92751330001
1604,2020-11-09,Normandy_K,26463.4615836
1605,2020-11-09,Speed_K,263.9433762
1606,2020-11-09,Mars_K,230102.349653
1607,2020-11-09,FastClear_K,16038.568128
1608,2020-11-09,DogRaise_K,15008.8598417
1609,2020-11-09,Cookie_K,16290.370255700005
1610,2020-11-09,ColorPhone_K,140008.2489032
1611,2020-11-09,Athena,3400.7478912
1612,2020-11-09,Apollo_K,302130.2011728
1613,2020-11-09,Amber_K,1948.3855362
1614,2020-11-09,LuckyDog_K,63738.536359800004
1615,2020-11-09,Walk_K,12083.990559999998
1616,2020-11-10,500_K,66213.6623119
1617,2020-11-10,Space_K,468242.15805120004
1618,2020-11-10,River_K,10042.3916558
1619,2020-11-10,Rat_K,74664.35768160001
1620,2020-11-10,PrivacyPowerPro_K,70201.45438560001
1621,2020-11-10,Poseidon_K,34252.5229143
1622,2020-11-10,Optimizer_K,60920.9692852
1623,2020-11-10,Normandy_K,28196.4242912
1624,2020-11-10,Speed_K,304.04045550000006
1625,2020-11-10,Mars_K,239637.3657255
1626,2020-11-10,FastClear_K,18027.490673400003
1627,2020-11-10,DogRaise_K,14168.8787076
1628,2020-11-10,Cookie_K,20044.4495055
1629,2020-11-10,ColorPhone_K,158745.51029250002
1630,2020-11-10,Athena,3167.4665295
1631,2020-11-10,Apollo_K,322467.84952279995
1632,2020-11-10,Amber_K,1813.96402
1633,2020-11-10,LuckyDog_K,60472.15472000001
1634,2020-11-10,Walk_K,14415.464042200005
1635,2020-11-11,500_K,112768.2241748
1636,2020-11-11,Space_K,607874.7865040001
1637,2020-11-11,River_K,15210.8712105
1638,2020-11-11,Rat_K,96605.592294
1639,2020-11-11,PrivacyPowerPro_K,96151.650705
1640,2020-11-11,Poseidon_K,52074.9167364
1641,2020-11-11,Optimizer_K,83481.30433239999
1642,2020-11-11,Normandy_K,37792.9187584
1643,2020-11-11,Speed_K,360.59241160000005
1644,2020-11-11,Mars_K,344323.6664536
1645,2020-11-11,FastClear_K,27209.6947584
1646,2020-11-11,DogRaise_K,18237.9238068
1647,2020-11-11,Cookie_K,33096.42623620001
1648,2020-11-11,ColorPhone_K,237108.2774
1649,2020-11-11,Athena,3335.696699800001
1650,2020-11-11,Apollo_K,449550.2931105
1651,2020-11-11,Amber_K,2562.8257022000007
1652,2020-11-11,LuckyDog_K,75684.804632
1653,2020-11-11,Walk_K,22231.9181938
1654,2020-11-12,500_K,47643.6763092
1655,2020-11-12,Space_K,358113.3487646
1656,2020-11-12,River_K,14217.708540500002
1657,2020-11-12,Rat_K,57953.237682000006
1658,2020-11-12,PrivacyPowerPro_K,63727.32550200001
1659,2020-11-12,Poseidon_K,31730.546705
1660,2020-11-12,Optimizer_K,46688.1206655
1661,2020-11-12,Normandy_K,28748.357265599996
1662,2020-11-12,Speed_K,199.3123766
1663,2020-11-12,Mars_K,202751.23396800002
1664,2020-11-12,FastClear_K,13205.604399
1665,2020-11-12,DogRaise_K,12909.513406
1666,2020-11-12,Cookie_K,16522.7825496
1667,2020-11-12,ColorPhone_K,118688.59928960001
1668,2020-11-12,Athena,4216.934375999998
1669,2020-11-12,Apollo_K,281237.88876570005
1670,2020-11-12,Amber_K,1507.445316
1671,2020-11-12,LuckyDog_K,50767.70968860001
1672,2020-11-12,Walk_K,10810.5972702
1673,2020-11-13,500_K,51041.5109927
1674,2020-11-13,Space_K,368061.9888783
1675,2020-11-13,River_K,9497.102598
1676,2020-11-13,Rat_K,52580.880751
1677,2020-11-13,PrivacyPowerPro_K,64182.468095
1678,2020-11-13,Poseidon_K,31722.959565499998
1679,2020-11-13,Optimizer_K,50109.8572887
1680,2020-11-13,Normandy_K,37674.34305
1681,2020-11-13,Speed_K,158.676323
1682,2020-11-13,Mars_K,208808.70606
1683,2020-11-13,FastClear_K,12906.5641542
1684,2020-11-13,DogRaise_K,11539.625792
1685,2020-11-13,Cookie_K,18807.971572800005
1686,2020-11-13,ColorPhone_K,119687.920124
1687,2020-11-13,Athena,4428.4990517999995
1688,2020-11-13,Apollo_K,306008.0948868
1689,2020-11-13,Amber_K,1230.3477881999995
1690,2020-11-13,LuckyDog_K,42652.101291
1691,2020-11-13,Walk_K,10323.6883541
1692,2020-11-14,500_K,63707.1203096
1693,2020-11-14,Speed_K,168.88365
1694,2020-11-14,Space_K,369640.82695540006
1695,2020-11-14,River_K,7930.2092064
1696,2020-11-14,Rat_K,50134.38892000001
1697,2020-11-14,PrivacyPowerPro_K,66848.382432
1698,2020-11-14,Poseidon_K,26261.1585792
1699,2020-11-14,Optimizer_K,52243.0387824
1700,2020-11-14,Normandy_K,45841.232016
1701,2020-11-14,Walk_K,9893.187928
1702,2020-11-14,LuckyDog_K,38848.150501
1703,2020-11-14,FastClear_K,12184.9952
1704,2020-11-14,Mars_K,192849.42175520002
1705,2020-11-14,Cookie_K,28467.5539584
1706,2020-11-14,Amber_K,1080.009584
1707,2020-11-14,ColorPhone_K,113283.5716506
1708,2020-11-14,Apollo_K,304932.3882936
1709,2020-11-14,Athena,3756.3329412
1710,2020-11-14,DogRaise_K,10825.232562299998
1711,2020-11-15,DogRaise_K,11008.389159
1712,2020-11-15,Speed_K,159.75033340000005
1713,2020-11-15,500_K,57508.291136
1714,2020-11-15,Space_K,360236.6621992
1715,2020-11-15,River_K,7009.485660000001
1716,2020-11-15,Amber_K,1100.491462
1717,2020-11-15,Rat_K,51617.935193
1718,2020-11-15,PrivacyPowerPro_K,63082.1755476
1719,2020-11-15,Poseidon_K,26722.689762
1720,2020-11-15,Optimizer_K,53252.2817456
1721,2020-11-15,Athena,3762.2588868
1722,2020-11-15,Normandy_K,55630.7031436
1723,2020-11-15,Mars_K,212366.17300600003
1724,2020-11-15,ColorPhone_K,112188.93539839999
1725,2020-11-15,LuckyDog_K,34817.236115899985
1726,2020-11-15,FastClear_K,12366.2434104
1727,2020-11-15,Cookie_K,27673.826277999997
1728,2020-11-15,Apollo_K,297760.086285
1729,2020-11-15,Walk_K,11224.7228808
1730,2020-11-16,500_K,40120.260816
1731,2020-11-16,Space_K,305765.4705475
1732,2020-11-16,RunFast_K,0.08
1733,2020-11-16,River_K,7015.767234
1734,2020-11-16,Rat_K,49322.960961000004
1735,2020-11-16,PrivacyPowerPro_K,54086.52497000001
1736,2020-11-16,Poseidon_K,27696.84324
1737,2020-11-16,Optimizer_K,42787.3942902
1738,2020-11-16,Normandy_K,53560.68655980001
1739,2020-11-16,Speed_K,375.8001856
1740,2020-11-16,Mars_K,200728.85004
1741,2020-11-16,FastClear_K,11471.9213154
1742,2020-11-16,DogRaise_K,10056.1548864
1743,2020-11-16,Cookie_K,19080.1379696
1744,2020-11-16,ColorPhone_K,112278.6238347
1745,2020-11-16,Athena,3959.767392
1746,2020-11-16,Ares_K,0.3999994000000001
1747,2020-11-16,Apollo_K,282440.86565610004
1748,2020-11-16,Amber_K,965.4886248
1749,2020-11-16,LuckyDog_K,31068.6015504
1750,2020-11-16,Walk_K,10612.413012
1751,2020-11-17,500_K,39435.3936504
1752,2020-11-17,Space_K,314369.3147398001
1753,2020-11-17,RunFast_K,2.28
1754,2020-11-17,River_K,6806.689372
1755,2020-11-17,Rat_K,46528.60404380001
1756,2020-11-17,PrivacyPowerPro_K,51423.7518798
1757,2020-11-17,Poseidon_K,32339.008404000004
1758,2020-11-17,Optimizer_K,43045.019272800004
1759,2020-11-17,Normandy_K,57154.57084
1760,2020-11-17,Speed_K,495.7337223999999
1761,2020-11-17,Mars_K,229360.43825820004
1762,2020-11-17,FastClear_K,12722.9270745
1763,2020-11-17,DogRaise_K,9921.1203234
1764,2020-11-17,Cookie_K,17871.553620000002
1765,2020-11-17,ColorPhone_K,110084.42929140001
1766,2020-11-17,Athena,4328.623245899998
1767,2020-11-17,Ares_K,2.699995
1768,2020-11-17,Apollo_K,309477.5381544
1769,2020-11-17,Amber_K,829.0434723999997
1770,2020-11-17,LuckyDog_K,26295.938890999998
1771,2020-11-17,Walk_K,9938.5660764
1772,2020-11-18,500_K,39312.6425013
1773,2020-11-18,Space_K,306641.8470297
1774,2020-11-18,RunFast_K,7.7500000999999985
1775,2020-11-18,River_K,6154.497597299999
1776,2020-11-18,Rat_K,46216.16279670001
1777,2020-11-18,PrivacyPowerPro_K,49791.9604
1778,2020-11-18,Poseidon_K,37065.28377050001
1779,2020-11-18,Optimizer_K,43987.09007219999
1780,2020-11-18,Normandy_K,54698.75075280001
1781,2020-11-18,Speed_K,406.07798560000003
1782,2020-11-18,Mars_K,240733.26551
1783,2020-11-18,FastClear_K,12827.300333400002
1784,2020-11-18,DogRaise_K,10209.087069
1785,2020-11-18,Cookie_K,17281.262716
1786,2020-11-18,ColorPhone_K,108162.3181159
1787,2020-11-18,Athena,6808.268246000001
1788,2020-11-18,Ares_K,0.31999760000000005
1789,2020-11-18,Apollo_K,348083.47898280004
1790,2020-11-18,Amber_K,837.240825
1791,2020-11-18,LuckyDog_K,24979.7689628
1792,2020-11-18,Walk_K,9764.1575898
1793,2020-11-19,500_K,39543.0595566
1794,2020-11-19,Space_K,280135.79613950005
1795,2020-11-19,RunFast_K,2.949996
1796,2020-11-19,River_K,5064.059450399999
1797,2020-11-19,Rat_K,43266.354222
1798,2020-11-19,PrivacyPowerPro_K,45500.91404690001
1799,2020-11-19,Poseidon_K,41660.052693699996
1800,2020-11-19,Optimizer_K,40739.815542
1801,2020-11-19,Normandy_K,37947.0477036
1802,2020-11-19,Speed_K,317.9353825
1803,2020-11-19,Mars_K,243955.12014910002
1804,2020-11-19,FastClear_K,10899.685221999998
1805,2020-11-19,DogRaise_K,8308.5851394
1806,2020-11-19,Cookie_K,17583.328245599998
1807,2020-11-19,ColorPhone_K,103185.2799975
1808,2020-11-19,Athena,6542.494943299997
1809,2020-11-19,Ares_K,1445.5222848
1810,2020-11-19,Apollo_K,319545.80814349995
1811,2020-11-19,Amber_K,710.5022244
1812,2020-11-19,LuckyDog_K,22331.517076199998
1813,2020-11-19,Walk_K,9062.8437608
1814,2020-11-20,500_K,43101.9062914
1815,2020-11-20,Normandy_K,32752.9575332
1816,2020-11-20,LuckyDog_K,20571.326122299997
1817,2020-11-20,Optimizer_K,43281.88726980001
1818,2020-11-20,FastClear_K,11034.317102799998
1819,2020-11-20,Poseidon_K,41829.886163999996
1820,2020-11-20,DogRaise_K,7606.304592300001
1821,2020-11-20,PrivacyPowerPro_K,44414.6517594
1822,2020-11-20,Cookie_K,20397.345738
1823,2020-11-20,Rat_K,42888.45112859998
1824,2020-11-20,River_K,4185.7181344
1825,2020-11-20,Athena,7098.5649239999975
1826,2020-11-20,ColorPhone_K,102615.40047200001
1827,2020-11-20,RunFast_K,0.1699999
1828,2020-11-20,Walk_K,8114.203894499998
1829,2020-11-20,Amber_K,632.6107282
1830,2020-11-20,Speed_K,610.1626564
1831,2020-11-20,Space_K,267745.67018719995
1832,2020-11-20,Apollo_K,319083.99557140004
1833,2020-11-20,Ares_K,6360.4718658
1834,2020-11-20,Mars_K,248557.3627405
1835,2020-11-21,PrivacyPowerPro_K,48631.44997799999
1836,2020-11-21,Poseidon_K,43949.085417199996
1837,2020-11-21,River_K,3649.1031168
1838,2020-11-21,Space_K,280916.2402396
1839,2020-11-21,Optimizer_K,46629.6562476
1840,2020-11-21,Walk_K,7795.105027699998
1841,2020-11-21,Normandy_K,30925.738101
1842,2020-11-21,Speed_K,532.4041799999999
1843,2020-11-21,Rat_K,46817.3819
1844,2020-11-21,RunFast_K,2.729994
1845,2020-11-21,Mars_K,259615.7982936
1846,2020-11-21,LuckyDog_K,20406.1217521
1847,2020-11-21,500_K,56003.2236712
1848,2020-11-21,Ares_K,8794.853272499999
1849,2020-11-21,FastClear_K,11137.889007000002
1850,2020-11-21,Amber_K,618.6138885
1851,2020-11-21,DogRaise_K,9183.0183624
1852,2020-11-21,Athena,9722.950596100001
1853,2020-11-21,ColorPhone_K,98508.264369
1854,2020-11-21,Cookie_K,25832.0418785
1855,2020-11-21,Apollo_K,342090.7655592
1856,2020-11-22,Mars_K,241505.2404742
1857,2020-11-22,Apollo_K,306383.71873359993
1858,2020-11-22,Space_K,251808.7252849
1859,2020-11-22,Amber_K,552.2848506
1860,2020-11-22,500_K,48902.33523780001
1861,2020-11-22,Speed_K,577.2007759999998
1862,2020-11-22,RunFast_K,7.1400000000000015
1863,2020-11-22,River_K,3776.6311896
1864,2020-11-22,Rat_K,45611.44467879999
1865,2020-11-22,LuckyDog_K,17893.039698400004
1866,2020-11-22,Athena,9183.5025564
1867,2020-11-22,PrivacyPowerPro_K,41961.79650239999
1868,2020-11-22,ColorPhone_K,92059.7021007
1869,2020-11-22,Poseidon_K,40814.80155
1870,2020-11-22,Cookie_K,21331.153798500003
1871,2020-11-22,Optimizer_K,40135.5191835
1872,2020-11-22,DogRaise_K,8295.3733494
1873,2020-11-22,Normandy_K,27174.8378538
1874,2020-11-22,FastClear_K,10157.018352399999
1875,2020-11-22,Ares_K,10799.8185057
1876,2020-11-22,Walk_K,7059.7371248
1877,2020-11-23,500_K,35756.40716040001
1878,2020-11-23,Space_K,234958.8450363
1879,2020-11-23,RunFast_K,7.65002
1880,2020-11-23,River_K,2875.9120236
1881,2020-11-23,Rat_K,43264.38266220001
1882,2020-11-23,PrivacyPowerPro_K,37717.823591800014
1883,2020-11-23,Poseidon_K,36872.966086
1884,2020-11-23,Optimizer_K,33208.5225846
1885,2020-11-23,Normandy_K,24487.5606408
1886,2020-11-23,Speed_K,622.9439524000003
1887,2020-11-23,Mars_K,242535.10562190003
1888,2020-11-23,FastClear_K,9387.1285322
1889,2020-11-23,DogRaise_K,10290.174945600002
1890,2020-11-23,Cookie_K,14977.867065000002
1891,2020-11-23,ColorPhone_K,90603.32662010001
1892,2020-11-23,Athena,8274.6776448
1893,2020-11-23,Ares_K,14397.9316128
1894,2020-11-23,Apollo_K,296805.2465525
1895,2020-11-23,Amber_K,428.37684930000006
1896,2020-11-23,LuckyDog_K,18746.4653135
1897,2020-11-23,Walk_K,6361.2467190000025
1898,2020-11-24,500_K,36305.3328039
1899,2020-11-24,Space_K,239272.476858
1900,2020-11-24,RunFast_K,12.719945
1901,2020-11-24,River_K,4331.744148299998
1902,2020-11-24,Rat_K,42372.1666368
1903,2020-11-24,PrivacyPowerPro_K,38682.1681743
1904,2020-11-24,Poseidon_K,33697.8242345
1905,2020-11-24,Optimizer_K,33993.88281
1906,2020-11-24,Normandy_K,24520.806001900004
1907,2020-11-24,Speed_K,614.4629463
1908,2020-11-24,Mars_K,244620.7065738
1909,2020-11-24,FastClear_K,9645.0075715
1910,2020-11-24,DogRaise_K,11043.8301662
1911,2020-11-24,Cookie_K,15537.8289176
1912,2020-11-24,ColorPhone_K,94415.7658212
1913,2020-11-24,Athena,8605.72825
1914,2020-11-24,Ares_K,18756.245448200007
1915,2020-11-24,Apollo_K,296760.0078144
1916,2020-11-24,Amber_K,462.3927196
1917,2020-11-24,LuckyDog_K,19801.130726
1918,2020-11-24,Walk_K,6221.029968
1919,2020-11-25,500_K,36538.98052000001
1920,2020-11-25,Space_K,248070.622755
1921,2020-11-25,RunFast_K,1037.2098112
1922,2020-11-25,River_K,3593.4942516
1923,2020-11-25,Rat_K,39587.628273600014
1924,2020-11-25,PrivacyPowerPro_K,36423.91725119999
1925,2020-11-25,Poseidon_K,31175.206362
1926,2020-11-25,Optimizer_K,36135.0142605
1927,2020-11-25,Normandy_K,24484.5030324
1928,2020-11-25,Speed_K,657.7932
1929,2020-11-25,Mars_K,244647.7254144
1930,2020-11-25,FastClear_K,9550.7772012
1931,2020-11-25,DogRaise_K,11187.1211178
1932,2020-11-25,Cookie_K,15164.616671100002
1933,2020-11-25,ColorPhone_K,95495.4059115
1934,2020-11-25,Athena,10306.5491948
1935,2020-11-25,Ares_K,25802.33204020001
1936,2020-11-25,Apollo_K,313212.101797
1937,2020-11-25,Amber_K,397.83263239999997
1938,2020-11-25,LuckyDog_K,19645.4863178
1939,2020-11-25,Walk_K,6612.4910648999985
1940,2020-11-26,500_K,36339.9462076
1941,2020-11-26,Space_K,237987.1856493
1942,2020-11-26,RunFast_K,2081.447385
1943,2020-11-26,River_K,2171.2738268000007
1944,2020-11-26,Rat_K,38643.71049090001
1945,2020-11-26,PrivacyPowerPro_K,33941.74283520001
1946,2020-11-26,Poseidon_K,27141.2803218
1947,2020-11-26,Optimizer_K,38195.01059219999
1948,2020-11-26,Normandy_K,23300.89956680001
1949,2020-11-26,Speed_K,580.9972868
1950,2020-11-26,Mars_K,239513.597397
1951,2020-11-26,FastClear_K,8990.011599200001
1952,2020-11-26,DogRaise_K,13152.3987658
1953,2020-11-26,Cookie_K,14858.517505999998
1954,2020-11-26,ColorPhone_K,95888.3790678
1955,2020-11-26,Athena,11239.4487716
1956,2020-11-26,Ares_K,33343.245855
1957,2020-11-26,Apollo_K,293441.5306198
1958,2020-11-26,Amber_K,373.510015
1959,2020-11-26,LuckyDog_K,16219.3418866
1960,2020-11-26,Walk_K,6004.832258500001
1961,2020-11-27,500_K,41978.17541400001
1962,2020-11-27,Space_K,235753.44707199998
1963,2020-11-27,RunFast_K,3612.6784244000014
1964,2020-11-27,River_K,1839.6343280000006
1965,2020-11-27,Rat_K,40638.0190817
1966,2020-11-27,PrivacyPowerPro_K,35994.7550692
1967,2020-11-27,Poseidon_K,27521.8669796
1968,2020-11-27,Optimizer_K,37464.707088
1969,2020-11-27,Normandy_K,23340.139874400003
1970,2020-11-27,Speed_K,681.9405160000001
1971,2020-11-27,Mars_K,249132.38394660002
1972,2020-11-27,FastClear_K,9177.4514419
1973,2020-11-27,DogRaise_K,13926.545372100001
1974,2020-11-27,Cookie_K,18148.9878321
1975,2020-11-27,ColorPhone_K,97667.489751
1976,2020-11-27,Athena,12009.9574348
1977,2020-11-27,Ares_K,40920.401254300006
1978,2020-11-27,Apollo_K,305628.3979875
1979,2020-11-27,Amber_K,365.56254
1980,2020-11-27,LuckyDog_K,15291.0540475
1981,2020-11-27,Walk_K,6714.642319200001
1982,2020-11-28,500_K,54521.7034912
1983,2020-11-28,Space_K,227161.5830376
1984,2020-11-28,RunFast_K,4295.200751699998
1985,2020-11-28,River_K,1357.423389
1986,2020-11-28,Rat_K,42792.58327120001
1987,2020-11-28,PrivacyPowerPro_K,38935.118679600004
1988,2020-11-28,Poseidon_K,26184.33864540001
1989,2020-11-28,Optimizer_K,38589.46853670001
1990,2020-11-28,Normandy_K,22497.02343
1991,2020-11-28,Speed_K,706.4465571000003
1992,2020-11-28,Mars_K,233337.02410620003
1993,2020-11-28,FastClear_K,9343.6499466
1994,2020-11-28,DogRaise_K,13503.884635799996
1995,2020-11-28,Cookie_K,24538.8494746
1996,2020-11-28,ColorPhone_K,93601.28639439998
1997,2020-11-28,Athena,10694.6490857
1998,2020-11-28,Ares_K,41441.6847074
1999,2020-11-28,Apollo_K,281756.8801
2000,2020-11-28,Amber_K,336.8133160000001
2001,2020-11-28,LuckyDog_K,16209.5775628
2002,2020-11-28,Walk_K,6415.3746305
2003,2020-11-29,500_K,49793.989263
2004,2020-11-29,Space_K,218070.40937660003
2005,2020-11-29,RunFast_K,4190.5436556
2006,2020-11-29,River_K,1180.4401829
2007,2020-11-29,Rat_K,45757.5156575
2008,2020-11-29,PrivacyPowerPro_K,37421.703198
2009,2020-11-29,Poseidon_K,26615.4525468
2010,2020-11-29,Optimizer_K,36603.955882099996
2011,2020-11-29,Normandy_K,21871.723728
2012,2020-11-29,Speed_K,689.8661526000003
2013,2020-11-29,Mars_K,236623.7233077
2014,2020-11-29,FastClear_K,9185.4097046
2015,2020-11-29,DogRaise_K,12610.703588400002
2016,2020-11-29,Cookie_K,20836.615670100004
2017,2020-11-29,ColorPhone_K,92932.6922016
2018,2020-11-29,Athena,10651.7958332
2019,2020-11-29,Ares_K,44259.6385616
2020,2020-11-29,Apollo_K,290428.5851974001
2021,2020-11-29,Amber_K,335.96818019999995
2022,2020-11-29,LuckyDog_K,15276.2601144
2023,2020-11-29,Walk_K,6383.091728
2024,2020-11-30,500_K,37931.7926008
2025,2020-11-30,Space_K,211086.693254
2026,2020-11-30,RunFast_K,4382.6423896000015
2027,2020-11-30,River_K,990.091692
2028,2020-11-30,Rat_K,43854.5388955
2029,2020-11-30,PrivacyPowerPro_K,33442.012576000016
2030,2020-11-30,Poseidon_K,25270.5716829
2031,2020-11-30,Optimizer_K,32139.6903436
2032,2020-11-30,Normandy_K,21065.1201414
2033,2020-11-30,Speed_K,648.5835240000001
2034,2020-11-30,Mars_K,227217.3045981
2035,2020-11-30,FastClear_K,9072.3556692
2036,2020-11-30,DogRaise_K,15046.9168908
2037,2020-11-30,Cookie_K,15030.921895399999
2038,2020-11-30,ColorPhone_K,97427.2978848
2039,2020-11-30,Athena,11230.6354535
2040,2020-11-30,Ares_K,43000.3455232
2041,2020-11-30,Apollo_K,293818.097448
2042,2020-11-30,Amber_K,285.809556
2043,2020-11-30,LuckyDog_K,14061.712579199999
2044,2020-11-30,Walk_K,7609.9606933
2045,2020-12-01,500_K,39850.497284400015
2046,2020-12-01,Space_K,222740.4948384
2047,2020-12-01,RunFast_K,5825.5196449999985
2048,2020-12-01,River_K,966.6392800000001
2049,2020-12-01,Rat_K,45718.0622145
2050,2020-12-01,PrivacyPowerPro_K,36086.648215
2051,2020-12-01,Poseidon_K,27885.713781600003
2052,2020-12-01,Optimizer_K,35239.2581871
2053,2020-12-01,Normandy_K,22033.9367325
2054,2020-12-01,Speed_K,702.795837
2055,2020-12-01,Mars_K,246909.88900800003
2056,2020-12-01,FastClear_K,9611.8823509
2057,2020-12-01,DogRaise_K,16178.578196
2058,2020-12-01,Cookie_K,15063.372149899995
2059,2020-12-01,ColorPhone_K,105060.3834826
2060,2020-12-01,Athena,13078.894904
2061,2020-12-01,Ares_K,50621.1790219
2062,2020-12-01,Apollo_K,317568.4446204
2063,2020-12-01,Amber_K,328.212562
2064,2020-12-01,LuckyDog_K,15325.083013100002
2065,2020-12-01,Walk_K,7540.899966200002
2066,2020-12-02,500_K,37373.541744
2067,2020-12-02,Space_K,210436.7135217
2068,2020-12-02,RunFast_K,9694.9959183
2069,2020-12-02,River_K,904.8291651000001
2070,2020-12-02,Rat_K,51175.71641
2071,2020-12-02,PrivacyPowerPro_K,35038.86261120001
2072,2020-12-02,Poseidon_K,26659.2994161
2073,2020-12-02,Optimizer_K,35431.758585
2074,2020-12-02,Normandy_K,22567.590086400003
2075,2020-12-02,Mars_K,237102.3940757
2076,2020-12-02,LuckyDog_K,13635.802565
2077,2020-12-02,FastClear_K,9496.493461000002
2078,2020-12-02,Emperor_K,0.5800005
2079,2020-12-02,DogRaise_K,15271.0102636
2080,2020-12-02,Cookie_K,13543.569356799999
2081,2020-12-02,ColorPhone_K,97249.68708899998
2082,2020-12-02,Athena,12919.7217906
2083,2020-12-02,Ares_K,43743.1307994
2084,2020-12-02,Apollo_K,314312.6087262
2085,2020-12-02,Amber_K,273.3585612
2086,2020-12-02,Speed_K,773.9867526
2087,2020-12-02,Walk_K,5920.0901728
2088,2020-12-03,500_K,39155.7510396
2089,2020-12-03,Space_K,210941.57458940003
2090,2020-12-03,RunFast_K,12386.437023
2091,2020-12-03,River_K,753.2606480000003
2092,2020-12-03,Rat_K,54226.70179500001
2093,2020-12-03,PrivacyPowerPro_K,34323.6032076
2094,2020-12-03,Poseidon_K,26604.0329688
2095,2020-12-03,Optimizer_K,36336.0131648
2096,2020-12-03,Normandy_K,21878.0767
2097,2020-12-03,Mars_K,229815.14850360004
2098,2020-12-03,LuckyDog_K,10631.881052
2099,2020-12-03,FastClear_K,9593.2036365
2100,2020-12-03,Emperor_K,0.53
2101,2020-12-03,DogRaise_K,12847.9522968
2102,2020-12-03,Cookie_K,14175.568123199999
2103,2020-12-03,ColorPhone_K,101953.200418
2104,2020-12-03,Athena,12250.3303616
2105,2020-12-03,Ares_K,38152.3740192
2106,2020-12-03,Apollo_K,338808.7350879
2107,2020-12-03,Amber_K,221.3372432
2108,2020-12-03,Speed_K,756.6004992000003
2109,2020-12-03,Walk_K,5182.456353000001
2110,2020-12-04,500_K,43838.9651135
2111,2020-12-04,Walk_K,4709.0160906
2112,2020-12-04,Speed_K,741.0048670000001
2113,2020-12-04,Space_K,206792.3155246
2114,2020-12-04,RunFast_K,19307.124474
2115,2020-12-04,River_K,1378.5931225000006
2116,2020-12-04,Rat_K,55828.11314080001
2117,2020-12-04,PrivacyPowerPro_K,32894.263069999986
2118,2020-12-04,Poseidon_K,26809.91978370001
2119,2020-12-04,Optimizer_K,37623.397067200014
2120,2020-12-04,Normandy_K,21014.901360900007
2121,2020-12-04,LuckyDog_K,10405.9028896
2122,2020-12-04,FastClear_K,9213.253651800002
2123,2020-12-04,Emperor_K,10.4399988
2124,2020-12-04,DogRaise_K,13545.1213125
2125,2020-12-04,Cookie_K,17303.520780000006
2126,2020-12-04,Mars_K,226631.9682211
2127,2020-12-04,ColorPhone_K,100696.436568
2128,2020-12-04,Apollo_K,330474.495021
2129,2020-12-04,Athena,11171.65392
2130,2020-12-04,Ares_K,34286.690404400004
2131,2020-12-04,Amber_K,225.7152898
2132,2020-12-05,Mars_K,224941.11865
2133,2020-12-05,PrivacyPowerPro_K,34587.036692999995
2134,2020-12-05,Apollo_K,334904.6316108
2135,2020-12-05,Amber_K,230.3828356
2136,2020-12-05,Poseidon_K,26403.1035783
2137,2020-12-05,RunFast_K,24223.205565
2138,2020-12-05,ColorPhone_K,95938.41834630001
2139,2020-12-05,Optimizer_K,42101.580373900004
2140,2020-12-05,Normandy_K,19645.482599600004
2141,2020-12-05,Ares_K,31667.3413012
2142,2020-12-05,Rat_K,60269.36427900001
2143,2020-12-05,River_K,1274.4426224
2144,2020-12-05,Space_K,212121.44145
2145,2020-12-05,LuckyDog_K,10242.072096
2146,2020-12-05,FastClear_K,9502.8809715
2147,2020-12-05,Emperor_K,0.02
2148,2020-12-05,Athena,11242.947611299998
2149,2020-12-05,Speed_K,699.8264573
2150,2020-12-05,DogRaise_K,15370.6511794
2151,2020-12-05,500_K,56873.094469400006
2152,2020-12-05,Cookie_K,24670.189441799997
2153,2020-12-05,Walk_K,4641.409483200001
2154,2020-12-06,Space_K,206653.4066848
2155,2020-12-06,RunFast_K,26568.6564935
2156,2020-12-06,500_K,53452.17680269999
2157,2020-12-06,Speed_K,680.115735
2158,2020-12-06,River_K,1203.5988334
2159,2020-12-06,ColorPhone_K,95994.7980764
2160,2020-12-06,Optimizer_K,38811.729477800014
2161,2020-12-06,Rat_K,61922.15865499999
2162,2020-12-06,PrivacyPowerPro_K,32486.73366
2163,2020-12-06,Poseidon_K,24674.2804659
2164,2020-12-06,Apollo_K,323683.4797224
2165,2020-12-06,Normandy_K,19266.0659247
2166,2020-12-06,Mars_K,215454.4791315
2167,2020-12-06,LuckyDog_K,9934.783425
2168,2020-12-06,Ares_K,26872.887003
2169,2020-12-06,FastClear_K,9135.178166
2170,2020-12-06,DogRaise_K,16420.6495712
2171,2020-12-06,Athena,13397.7682924
2172,2020-12-06,Cookie_K,22594.7349688
2173,2020-12-06,Amber_K,181.3576002
2174,2020-12-06,Walk_K,4158.678839900002
2175,2020-12-07,500_K,39837.39162
2176,2020-12-07,Space_K,193549.37615650002
2177,2020-12-07,RunFast_K,31392.1088064
2178,2020-12-07,River_K,2103.5753156
2179,2020-12-07,Rat_K,65362.580692100004
2180,2020-12-07,PrivacyPowerPro_K,30160.377175499998
2181,2020-12-07,Poseidon_K,24217.4243837
2182,2020-12-07,Optimizer_K,34078.7440105
2183,2020-12-07,Normandy_K,18997.227415200006
2184,2020-12-07,Mars_K,229917.2347798
2185,2020-12-07,LuckyDog_K,10213.74949
2186,2020-12-07,FastClear_K,8987.482070999999
2187,2020-12-07,Emperor_K,1.4899968
2188,2020-12-07,DogRaise_K,25786.8107946
2189,2020-12-07,Cookie_K,13820.7798288
2190,2020-12-07,ColorPhone_K,99958.02902239999
2191,2020-12-07,Athena,14160.911072100002
2192,2020-12-07,Ares_K,26216.5586188
2193,2020-12-07,Apollo_K,352215.7256791
2194,2020-12-07,Amber_K,197.82394069999998
2195,2020-12-07,Speed_K,703.2006
2196,2020-12-07,Walk_K,4064.057532
2197,12/8/2020,500_K,38970.96
2198,12/8/2020,Space_K,185257.4848
2199,12/8/2020,RunFast_K,31006.74162
2200,12/8/2020,River_K,1760.8130989999993
2201,12/8/2020,Rat_K,62628.14205
2202,12/8/2020,PrivacyPowerPro_K,29013.74493
2203,12/8/2020,Poseidon_K,22023.50766
2204,12/8/2020,Optimizer_K,33684.73483
2205,12/8/2020,Normandy_K,19585.84927
2206,12/8/2020,Mars_K,228548.9373
2207,12/8/2020,LuckyDog_K,10473.13883
2208,12/8/2020,FastClear_K,9029.962803
2209,12/8/2020,Emperor_K,0.0
2210,12/8/2020,DogRaise_K,29574.92952
2211,12/8/2020,Cookie_K,12640.13128
2212,12/8/2020,ColorPhone_K,100975.9352
2213,12/8/2020,Athena,12954.15401
2214,12/8/2020,Ares_K,24458.70224
2215,12/8/2020,Apollo_K,355131.2104
2216,12/8/2020,Amber_K,189.8299956
2217,12/8/2020,Speed_K,718.0755345
2218,12/8/2020,Walk_K,3329.356014
2219,2020-12-09,500_K,39165.8657832
2220,2020-12-09,Space_K,175553.54710660002
2221,2020-12-09,RunFast_K,30961.823419599998
2222,2020-12-09,River_K,2058.4809672
2223,2020-12-09,Rat_K,59063.170404699995
2224,2020-12-09,PrivacyPowerPro_K,27349.348044700004
2225,2020-12-09,Poseidon_K,25501.342038900002
2226,2020-12-09,Optimizer_K,32789.4170193
2227,2020-12-09,Normandy_K,19178.1469224
2228,2020-12-09,Mars_K,225471.01125300003
2229,2020-12-09,Speed_K,734.6554026
2230,2020-12-09,LuckyDog_K,9349.2251034
2231,2020-12-09,Emperor_K,0.13999959999999995
2232,2020-12-09,DogRaise_K,25644.538738599997
2233,2020-12-09,Cookie_K,12596.72913
2234,2020-12-09,ColorPhone_K,102683.66733839999
2235,2020-12-09,Coffee_K,0.02
2236,2020-12-09,Athena,13380.240549200002
2237,2020-12-09,Ares_K,31115.811355200003
2238,2020-12-09,Apollo_K,353697.7265152001
2239,2020-12-09,Amber_K,213.7916802
2240,2020-12-09,FastClear_K,8460.969509999999
2241,2020-12-09,Walk_K,2910.5587345
0,2020-12-10,500_K,38654.81324880001
1,2020-12-10,Space_K,163952.75928630002
2,2020-12-10,RunFast_K,30601.1480912
3,2020-12-10,River_K,1403.954266
4,2020-12-10,Rat_K,56231.05897499999
5,2020-12-10,PrivacyPowerPro_K,25466.593977200002
6,2020-12-10,Poseidon_K,22389.316131500003
7,2020-12-10,Optimizer_K,30637.210060799996
8,2020-12-10,Normandy_K,18647.828885799998
9,2020-12-10,Mars_K,220664.9166012
10,2020-12-10,Speed_K,730.5114683999999
11,2020-12-10,LuckyDog_K,6532.8321096
12,2020-12-10,Emperor_K,3.3200025
13,2020-12-10,DogRaise_K,27172.336866
14,2020-12-10,Cookie_K,12340.748256
15,2020-12-10,ColorPhone_K,103416.8268354
16,2020-12-10,Coffee_K,0.9299999
17,2020-12-10,Athena,12751.0693335
18,2020-12-10,Ares_K,25754.7705366
19,2020-12-10,Apollo_K,341884.929848
20,2020-12-10,Amber_K,156.6336618
21,2020-12-10,FastClear_K,7975.159727600001
22,2020-12-10,Walk_K,2665.47584
